kab_kota,bulan,T_celsius,RH_persen,THI,LST_celsius,curah_hujan,NDVI,risk_category,clean_name,nama_wilayah,total_ternak,densitas_ternak,proporsi_sapi_perah,bulan_sin,bulan_cos,risk_pred,risk_proba_severe
Bandung,1,20.86,89.64,68.88,24.89,311.6,0.6885,0,bandung,Kabupaten Bandung,502000,283.9366515837104,0.0756972111553784,0.4999999999999999,0.8660254037844387,0,0
Bandung,1,20.86,89.64,68.88,24.89,311.6,0.6885,0,bandung,Kota Bandung,2340,13.928571428571429,0.017094017094017,0.4999999999999999,0.8660254037844387,0,0
Kota Cimahi,1,22.31,88.89,71.3,0.0,203.3,0.3564,0,cimahi,Kota Cimahi,1140,28.5,0.0263157894736842,0.4999999999999999,0.8660254037844387,0,0
Kota Tasikmalaya,1,23.65,89.73,73.64,29.23,393.8,0.6573,1,tasikmalaya,Kabupaten Tasikmalaya,751600,283.5156544700113,0.0159659393294305,0.4999999999999999,0.8660254037844387,1,0
Kota Tasikmalaya,1,23.65,89.73,73.64,29.23,393.8,0.6573,1,tasikmalaya,Kota Tasikmalaya,16620,90.32608695652172,0.0240673886883273,0.4999999999999999,0.8660254037844387,1,0
Tasikmalaya,1,23.93,88.55,73.99,26.39,332.9,0.7947,1,tasikmalaya,Kabupaten Tasikmalaya,751600,283.5156544700113,0.0159659393294305,0.4999999999999999,0.8660254037844387,1,0
Tasikmalaya,1,23.93,88.55,73.99,26.39,332.9,0.7947,1,tasikmalaya,Kota Tasikmalaya,16620,90.32608695652172,0.0240673886883273,0.4999999999999999,0.8660254037844387,1,0
Ciamis,1,24.63,88.56,75.19,27.96,386.9,0.7526,1,ciamis,Kabupaten Ciamis,546900,381.6468946266573,0.0073139513622234,0.4999999999999999,0.8660254037844387,1,0
Kota Banjar,1,25.5,89.75,76.78,31.08,446.3,0.6541,1,banjar,Kota Banjar,10610,93.0701754385965,0.0188501413760603,0.4999999999999999,0.8660254037844387,1,0
Bekasi,1,26.25,84.72,77.47,30.9,294.9,0.4024,1,bekasi,Kabupaten Bekasi,62450,49.01883830455259,0.0008006405124099,0.4999999999999999,0.8660254037844387,1,0
Bekasi,1,26.25,84.72,77.47,30.9,294.9,0.4024,1,bekasi,Kota Bekasi,920,4.380952380952381,0.0217391304347826,0.4999999999999999,0.8660254037844387,1,0
Bogor,1,23.81,87.34,73.69,28.05,343.7,0.6748,1,bogor,Kabupaten Bogor,938360,313.30884808013354,0.0089517882262671,0.4999999999999999,0.8660254037844387,1,0
Bogor,1,23.81,87.34,73.69,28.05,343.7,0.6748,1,bogor,Kota Bogor,4600,38.983050847457626,0.0217391304347826,0.4999999999999999,0.8660254037844387,1,0
Cianjur,1,23.09,87.65,72.5,26.22,312.8,0.7706,1,cianjur,Kabupaten Cianjur,611500,175.7183908045977,0.008176614881439,0.4999999999999999,0.8660254037844387,1,0
Cirebon,1,25.8,87.72,77.06,27.95,520.6,0.5067,1,cirebon,Kabupaten Cirebon,239100,242.9878048780488,0.0020911752404851,0.4999999999999999,0.8660254037844387,1,0
Cirebon,1,25.8,87.72,77.06,27.95,520.6,0.5067,1,cirebon,Kota Cirebon,1510,40.810810810810814,0.0066225165562913,0.4999999999999999,0.8660254037844387,1,0
Garut,1,22.01,88.38,70.75,25.05,327.4,0.7802,0,garut,Kabupaten Garut,1371800,447.5693311582382,0.0182242309374544,0.4999999999999999,0.8660254037844387,0,0
Indramayu,1,26.02,87.24,77.37,28.71,438.5,0.3238,1,indramayu,Kabupaten Indramayu,175600,83.65888518342068,0.0005694760820045,0.4999999999999999,0.8660254037844387,1,0
Karawang,1,26.16,85.33,77.39,29.1,301.3,0.4952,1,karawang,Kabupaten Karawang,107600,65.13317191283294,0.0009293680297397,0.4999999999999999,0.8660254037844387,1,0
Kota Bandung,1,22.01,89.64,70.83,32.81,250.4,0.3395,0,bandung,Kabupaten Bandung,502000,283.9366515837104,0.0756972111553784,0.4999999999999999,0.8660254037844387,0,0
Kota Bandung,1,22.01,89.64,70.83,32.81,250.4,0.3395,0,bandung,Kota Bandung,2340,13.928571428571429,0.017094017094017,0.4999999999999999,0.8660254037844387,0,0
Kota Bogor,1,24.32,87.36,74.54,33.52,360.2,0.493,1,bogor,Kabupaten Bogor,938360,313.30884808013354,0.0089517882262671,0.4999999999999999,0.8660254037844387,1,0
Kota Bogor,1,24.32,87.36,74.54,33.52,360.2,0.493,1,bogor,Kota Bogor,4600,38.983050847457626,0.0217391304347826,0.4999999999999999,0.8660254037844387,1,0
Kota Cirebon,1,25.27,87.86,76.19,30.0,505.8,0.4576,1,cirebon,Kabupaten Cirebon,239100,242.9878048780488,0.0020911752404851,0.4999999999999999,0.8660254037844387,1,0
Kota Cirebon,1,25.27,87.86,76.19,30.0,505.8,0.4576,1,cirebon,Kota Cirebon,1510,40.810810810810814,0.0066225165562913,0.4999999999999999,0.8660254037844387,1,0
Kota Sukabumi,1,22.6,88.89,71.78,26.27,313.0,0.5766,0,sukabumi,Kabupaten Sukabumi,780220,187.462758289284,0.0026915485375919,0.4999999999999999,0.8660254037844387,0,0
Kota Sukabumi,1,22.6,88.89,71.78,26.27,313.0,0.5766,0,sukabumi,Kota Sukabumi,3450,71.875,0.0144927536231884,0.4999999999999999,0.8660254037844387,0,0
Kuningan,1,23.92,90.67,74.19,24.24,540.7,0.652,1,kuningan,Kabupaten Kuningan,388700,347.9856759176365,0.0077180344738873,0.4999999999999999,0.8660254037844387,1,0
Majalengka,1,23.96,90.21,74.2,24.99,510.1,0.6958,1,majalengka,Kabupaten Majalengka,290500,241.27906976744185,0.0017211703958691,0.4999999999999999,0.8660254037844387,1,0
Purwakarta,1,24.44,87.99,74.81,28.33,337.3,0.6807,1,purwakarta,Kabupaten Purwakarta,145250,176.06060606060606,0.0010327022375215,0.4999999999999999,0.8660254037844387,1,0
Subang,1,24.97,87.77,75.67,28.02,382.8,0.521,1,subang,Kabupaten Subang,206200,109.506107275624,0.0009699321047526,0.4999999999999999,0.8660254037844387,1,0
Sukabumi,1,23.6,88.21,73.42,26.39,298.2,0.7594,1,sukabumi,Kabupaten Sukabumi,780220,187.462758289284,0.0026915485375919,0.4999999999999999,0.8660254037844387,1,0
Sukabumi,1,23.6,88.21,73.42,26.39,298.2,0.7594,1,sukabumi,Kota Sukabumi,3450,71.875,0.0144927536231884,0.4999999999999999,0.8660254037844387,1,0
Sumedang,1,23.14,90.65,72.85,25.36,446.7,0.7443,1,sumedang,Kabupaten Sumedang,286500,188.23915900131405,0.0069808027923211,0.4999999999999999,0.8660254037844387,1,0
Kota Bekasi,1,26.14,84.44,77.25,36.17,316.3,0.2393,1,bekasi,Kabupaten Bekasi,62450,49.01883830455259,0.0008006405124099,0.4999999999999999,0.8660254037844387,1,0
Kota Bekasi,1,26.14,84.44,77.25,36.17,316.3,0.2393,1,bekasi,Kota Bekasi,920,4.380952380952381,0.0217391304347826,0.4999999999999999,0.8660254037844387,1,0
Kota Depok,1,25.66,85.5,76.57,36.3,347.5,0.4233,1,depok,Kota Depok,610,3.05,0.0163934426229508,0.4999999999999999,0.8660254037844387,1,0
Bandung,2,20.92,89.25,68.97,24.89,257.4,0.7211,0,bandung,Kabupaten Bandung,502000,283.9366515837104,0.0756972111553784,0.8660254037844386,0.5000000000000001,0,0
Bandung,2,20.92,89.25,68.97,24.89,257.4,0.7211,0,bandung,Kota Bandung,2340,13.928571428571429,0.017094017094017,0.8660254037844386,0.5000000000000001,0,0
Kota Cimahi,2,22.27,89.31,71.26,32.16,153.2,0.3682,0,cimahi,Kota Cimahi,1140,28.5,0.0263157894736842,0.8660254037844386,0.5000000000000001,0,0
Kota Tasikmalaya,2,23.94,88.12,73.97,26.75,363.5,0.6967,1,tasikmalaya,Kabupaten Tasikmalaya,751600,283.5156544700113,0.0159659393294305,0.8660254037844386,0.5000000000000001,1,0
Kota Tasikmalaya,2,23.94,88.12,73.97,26.75,363.5,0.6967,1,tasikmalaya,Kota Tasikmalaya,16620,90.32608695652172,0.0240673886883273,0.8660254037844386,0.5000000000000001,1,0
Tasikmalaya,2,24.24,86.6,74.33,26.2,311.6,0.804,1,tasikmalaya,Kabupaten Tasikmalaya,751600,283.5156544700113,0.0159659393294305,0.8660254037844386,0.5000000000000001,1,0
Tasikmalaya,2,24.24,86.6,74.33,26.2,311.6,0.804,1,tasikmalaya,Kota Tasikmalaya,16620,90.32608695652172,0.0240673886883273,0.8660254037844386,0.5000000000000001,1,0
Ciamis,2,24.9,86.92,75.46,26.92,369.1,0.81,1,ciamis,Kabupaten Ciamis,546900,381.6468946266573,0.0073139513622234,0.8660254037844386,0.5000000000000001,1,0
Kota Banjar,2,25.77,88.09,77.05,28.08,424.3,0.7764,1,banjar,Kota Banjar,10610,93.0701754385965,0.0188501413760603,0.8660254037844386,0.5000000000000001,1,0
Bekasi,2,26.17,86.06,77.48,29.36,221.1,0.4793,1,bekasi,Kabupaten Bekasi,62450,49.01883830455259,0.0008006405124099,0.8660254037844386,0.5000000000000001,1,0
Bekasi,2,26.17,86.06,77.48,29.36,221.1,0.4793,1,bekasi,Kota Bekasi,920,4.380952380952381,0.0217391304347826,0.8660254037844386,0.5000000000000001,1,0
Bogor,2,23.75,88.07,73.66,27.07,269.2,0.7251,1,bogor,Kabupaten Bogor,938360,313.30884808013354,0.0089517882262671,0.8660254037844386,0.5000000000000001,1,0
Bogor,2,23.75,88.07,73.66,27.07,269.2,0.7251,1,bogor,Kota Bogor,4600,38.983050847457626,0.0217391304347826,0.8660254037844386,0.5000000000000001,1,0
Cianjur,2,23.28,86.77,72.74,26.04,233.4,0.7857,1,cianjur,Kabupaten Cianjur,611500,175.7183908045977,0.008176614881439,0.8660254037844386,0.5000000000000001,1,0
Cirebon,2,25.8,87.14,77.0,29.89,332.8,0.6143,1,cirebon,Kabupaten Cirebon,239100,242.9878048780488,0.0020911752404851,0.8660254037844386,0.5000000000000001,1,0
Cirebon,2,25.8,87.14,77.0,29.89,332.8,0.6143,1,cirebon,Kota Cirebon,1510,40.810810810810814,0.0066225165562913,0.8660254037844386,0.5000000000000001,1,0
Garut,2,22.25,86.66,71.01,24.69,284.9,0.7941,0,garut,Kabupaten Garut,1371800,447.5693311582382,0.0182242309374544,0.8660254037844386,0.5000000000000001,0,0
Indramayu,2,25.99,87.45,77.35,29.51,250.0,0.581,1,indramayu,Kabupaten Indramayu,175600,83.65888518342068,0.0005694760820045,0.8660254037844386,0.5000000000000001,1,0
Karawang,2,26.05,86.63,77.36,29.55,219.5,0.4874,1,karawang,Kabupaten Karawang,107600,65.13317191283294,0.0009293680297397,0.8660254037844386,0.5000000000000001,1,0
Kota Bandung,2,22.01,89.76,70.85,32.33,180.6,0.3748,0,bandung,Kabupaten Bandung,502000,283.9366515837104,0.0756972111553784,0.8660254037844386,0.5000000000000001,0,0
Kota Bandung,2,22.01,89.76,70.85,32.33,180.6,0.3748,0,bandung,Kota Bandung,2340,13.928571428571429,0.017094017094017,0.8660254037844386,0.5000000000000001,0,0
Kota Bogor,2,24.24,88.16,74.48,32.02,284.3,0.5455,1,bogor,Kabupaten Bogor,938360,313.30884808013354,0.0089517882262671,0.8660254037844386,0.5000000000000001,1,0
Kota Bogor,2,24.24,88.16,74.48,32.02,284.3,0.5455,1,bogor,Kota Bogor,4600,38.983050847457626,0.0217391304347826,0.8660254037844386,0.5000000000000001,1,0
Kota Cirebon,2,25.3,87.17,76.16,31.0,332.9,0.4842,1,cirebon,Kabupaten Cirebon,239100,242.9878048780488,0.0020911752404851,0.8660254037844386,0.5000000000000001,1,0
Kota Cirebon,2,25.3,87.17,76.16,31.0,332.9,0.4842,1,cirebon,Kota Cirebon,1510,40.810810810810814,0.0066225165562913,0.8660254037844386,0.5000000000000001,1,0
Kota Sukabumi,2,22.73,88.44,71.96,30.59,241.2,0.5722,0,sukabumi,Kabupaten Sukabumi,780220,187.462758289284,0.0026915485375919,0.8660254037844386,0.5000000000000001,0,0
Kota Sukabumi,2,22.73,88.44,71.96,30.59,241.2,0.5722,0,sukabumi,Kota Sukabumi,3450,71.875,0.0144927536231884,0.8660254037844386,0.5000000000000001,0,0
Kuningan,2,24.07,89.06,74.29,26.52,442.0,0.7761,1,kuningan,Kabupaten Kuningan,388700,347.9856759176365,0.0077180344738873,0.8660254037844386,0.5000000000000001,1,0
Majalengka,2,23.98,89.71,74.19,26.69,363.1,0.7613,1,majalengka,Kabupaten Majalengka,290500,241.27906976744185,0.0017211703958691,0.8660254037844386,0.5000000000000001,1,0
Purwakarta,2,24.35,88.8,74.74,27.49,277.0,0.7311,1,purwakarta,Kabupaten Purwakarta,145250,176.06060606060606,0.0010327022375215,0.8660254037844386,0.5000000000000001,1,0
Subang,2,24.92,88.41,75.66,28.14,264.7,0.6921,1,subang,Kabupaten Subang,206200,109.506107275624,0.0009699321047526,0.8660254037844386,0.5000000000000001,1,0
Sukabumi,2,23.92,86.71,73.81,26.7,200.3,0.7876,1,sukabumi,Kabupaten Sukabumi,780220,187.462758289284,0.0026915485375919,0.8660254037844386,0.5000000000000001,1,0
Sukabumi,2,23.92,86.71,73.81,26.7,200.3,0.7876,1,sukabumi,Kota Sukabumi,3450,71.875,0.0144927536231884,0.8660254037844386,0.5000000000000001,1,0
Sumedang,2,23.13,90.37,72.81,26.23,338.3,0.7889,1,sumedang,Kabupaten Sumedang,286500,188.23915900131405,0.0069808027923211,0.8660254037844386,0.5000000000000001,1,0
Kota Bekasi,2,26.06,85.91,77.3,0.0,227.6,0.3494,1,bekasi,Kabupaten Bekasi,62450,49.01883830455259,0.0008006405124099,0.8660254037844386,0.5000000000000001,1,0
Kota Bekasi,2,26.06,85.91,77.3,0.0,227.6,0.3494,1,bekasi,Kota Bekasi,920,4.380952380952381,0.0217391304347826,0.8660254037844386,0.5000000000000001,1,0
Kota Depok,2,25.56,86.84,76.56,31.81,243.5,0.4719,1,depok,Kota Depok,610,3.05,0.0163934426229508,0.8660254037844386,0.5000000000000001,1,0
Bandung,3,21.31,88.15,69.55,25.65,226.5,0.7236,0,bandung,Kabupaten Bandung,502000,283.9366515837104,0.0756972111553784,1.0,6.123233995736766e-17,0,0
Bandung,3,21.31,88.15,69.55,25.65,226.5,0.7236,0,bandung,Kota Bandung,2340,13.928571428571429,0.017094017094017,1.0,6.123233995736766e-17,0,0
Kota Cimahi,3,22.74,87.9,71.93,32.91,144.8,0.3489,0,cimahi,Kota Cimahi,1140,28.5,0.0263157894736842,1.0,6.123233995736766e-17,0,0
Kota Tasikmalaya,3,24.1,88.36,74.27,29.26,321.4,0.6607,1,tasikmalaya,Kabupaten Tasikmalaya,751600,283.5156544700113,0.0159659393294305,1.0,6.123233995736766e-17,1,0
Kota Tasikmalaya,3,24.1,88.36,74.27,29.26,321.4,0.6607,1,tasikmalaya,Kota Tasikmalaya,16620,90.32608695652172,0.0240673886883273,1.0,6.123233995736766e-17,1,0
Tasikmalaya,3,24.42,87.21,74.69,27.13,282.1,0.8129,1,tasikmalaya,Kabupaten Tasikmalaya,751600,283.5156544700113,0.0159659393294305,1.0,6.123233995736766e-17,1,0
Tasikmalaya,3,24.42,87.21,74.69,27.13,282.1,0.8129,1,tasikmalaya,Kota Tasikmalaya,16620,90.32608695652172,0.0240673886883273,1.0,6.123233995736766e-17,1,0
Ciamis,3,25.1,87.31,75.84,28.48,288.6,0.7974,1,ciamis,Kabupaten Ciamis,546900,381.6468946266573,0.0073139513622234,1.0,6.123233995736766e-17,1,0
Kota Banjar,3,25.96,88.35,77.4,29.94,282.6,0.7266,1,banjar,Kota Banjar,10610,93.0701754385965,0.0188501413760603,1.0,6.123233995736766e-17,1,0
Bekasi,3,26.56,85.05,78.01,30.39,161.4,0.5378,1,bekasi,Kabupaten Bekasi,62450,49.01883830455259,0.0008006405124099,1.0,6.123233995736766e-17,1,0
Bekasi,3,26.56,85.05,78.01,30.39,161.4,0.5378,1,bekasi,Kota Bekasi,920,4.380952380952381,0.0217391304347826,1.0,6.123233995736766e-17,1,0
Bogor,3,24.13,87.42,74.23,27.39,232.2,0.7279,1,bogor,Kabupaten Bogor,938360,313.30884808013354,0.0089517882262671,1.0,6.123233995736766e-17,1,0
Bogor,3,24.13,87.42,74.23,27.39,232.2,0.7279,1,bogor,Kota Bogor,4600,38.983050847457626,0.0217391304347826,1.0,6.123233995736766e-17,1,0
Cianjur,3,23.51,86.97,73.16,26.97,244.7,0.7734,1,cianjur,Kabupaten Cianjur,611500,175.7183908045977,0.008176614881439,1.0,6.123233995736766e-17,1,0
Cirebon,3,26.31,86.43,77.77,28.75,255.7,0.6656,1,cirebon,Kabupaten Cirebon,239100,242.9878048780488,0.0020911752404851,1.0,6.123233995736766e-17,1,0
Cirebon,3,26.31,86.43,77.77,28.75,255.7,0.6656,1,cirebon,Kota Cirebon,1510,40.810810810810814,0.0066225165562913,1.0,6.123233995736766e-17,1,0
Garut,3,22.46,87.1,71.4,26.22,288.2,0.7876,0,garut,Kabupaten Garut,1371800,447.5693311582382,0.0182242309374544,1.0,6.123233995736766e-17,0,0
Indramayu,3,26.57,86.06,78.15,28.69,182.1,0.6882,1,indramayu,Kabupaten Indramayu,175600,83.65888518342068,0.0005694760820045,1.0,6.123233995736766e-17,1,0
Karawang,3,26.47,85.64,77.94,30.14,174.0,0.5422,1,karawang,Kabupaten Karawang,107600,65.13317191283294,0.0009293680297397,1.0,6.123233995736766e-17,1,0
Kota Bandung,3,22.45,88.27,71.49,32.22,170.3,0.3692,0,bandung,Kabupaten Bandung,502000,283.9366515837104,0.0756972111553784,1.0,6.123233995736766e-17,0,0
Kota Bandung,3,22.45,88.27,71.49,32.22,170.3,0.3692,0,bandung,Kota Bandung,2340,13.928571428571429,0.017094017094017,1.0,6.123233995736766e-17,0,0
Kota Bogor,3,24.64,87.38,75.08,29.69,230.1,0.523,1,bogor,Kabupaten Bogor,938360,313.30884808013354,0.0089517882262671,1.0,6.123233995736766e-17,1,0
Kota Bogor,3,24.64,87.38,75.08,29.69,230.1,0.523,1,bogor,Kota Bogor,4600,38.983050847457626,0.0217391304347826,1.0,6.123233995736766e-17,1,0
Kota Cirebon,3,25.78,86.53,76.89,29.88,260.4,0.4897,1,cirebon,Kabupaten Cirebon,239100,242.9878048780488,0.0020911752404851,1.0,6.123233995736766e-17,1,0
Kota Cirebon,3,25.78,86.53,76.89,29.88,260.4,0.4897,1,cirebon,Kota Cirebon,1510,40.810810810810814,0.0066225165562913,1.0,6.123233995736766e-17,1,0
Kota Sukabumi,3,23.03,88.06,72.43,31.58,237.1,0.5697,1,sukabumi,Kabupaten Sukabumi,780220,187.462758289284,0.0026915485375919,1.0,6.123233995736766e-17,1,0
Kota Sukabumi,3,23.03,88.06,72.43,31.58,237.1,0.5697,1,sukabumi,Kota Sukabumi,3450,71.875,0.0144927536231884,1.0,6.123233995736766e-17,1,0
Kuningan,3,24.4,88.99,74.83,27.04,310.5,0.77,1,kuningan,Kabupaten Kuningan,388700,347.9856759176365,0.0077180344738873,1.0,6.123233995736766e-17,1,0
Majalengka,3,24.44,88.78,74.87,27.73,299.1,0.7201,1,majalengka,Kabupaten Majalengka,290500,241.27906976744185,0.0017211703958691,1.0,6.123233995736766e-17,1,0
Purwakarta,3,24.74,87.81,75.29,28.2,236.1,0.7268,1,purwakarta,Kabupaten Purwakarta,145250,176.06060606060606,0.0010327022375215,1.0,6.123233995736766e-17,1,0
Subang,3,25.4,87.09,76.31,28.31,229.2,0.72,1,subang,Kabupaten Subang,206200,109.506107275624,0.0009699321047526,1.0,6.123233995736766e-17,1,0
Sukabumi,3,24.1,87.28,74.16,26.38,238.6,0.7881,1,sukabumi,Kabupaten Sukabumi,780220,187.462758289284,0.0026915485375919,1.0,6.123233995736766e-17,1,0
Sukabumi,3,24.1,87.28,74.16,26.38,238.6,0.7881,1,sukabumi,Kota Sukabumi,3450,71.875,0.0144927536231884,1.0,6.123233995736766e-17,1,0
Sumedang,3,23.57,89.19,73.45,27.73,314.2,0.7624,1,sumedang,Kabupaten Sumedang,286500,188.23915900131405,0.0069808027923211,1.0,6.123233995736766e-17,1,0
Kota Bekasi,3,26.46,84.67,77.8,0.0,174.3,0.3817,1,bekasi,Kabupaten Bekasi,62450,49.01883830455259,0.0008006405124099,1.0,6.123233995736766e-17,1,0
Kota Bekasi,3,26.46,84.67,77.8,0.0,174.3,0.3817,1,bekasi,Kota Bekasi,920,4.380952380952381,0.0217391304347826,1.0,6.123233995736766e-17,1,0
Kota Depok,3,25.93,85.89,77.07,34.78,187.0,0.4711,1,depok,Kota Depok,610,3.05,0.0163934426229508,1.0,6.123233995736766e-17,1,0
Bandung,4,21.17,88.77,69.35,24.17,397.8,0.7342,0,bandung,Kabupaten Bandung,502000,283.9366515837104,0.0756972111553784,0.8660254037844387,-0.4999999999999998,0,0
Bandung,4,21.17,88.77,69.35,24.17,397.8,0.7342,0,bandung,Kota Bandung,2340,13.928571428571429,0.017094017094017,0.8660254037844387,-0.4999999999999998,0,0
Kota Cimahi,4,22.65,88.44,71.84,31.13,335.3,0.3547,0,cimahi,Kota Cimahi,1140,28.5,0.0263157894736842,0.8660254037844387,-0.4999999999999998,0,0
Kota Tasikmalaya,4,23.69,89.04,73.63,27.29,293.9,0.6481,1,tasikmalaya,Kabupaten Tasikmalaya,751600,283.5156544700113,0.0159659393294305,0.8660254037844387,-0.4999999999999998,1,0
Kota Tasikmalaya,4,23.69,89.04,73.63,27.29,293.9,0.6481,1,tasikmalaya,Kota Tasikmalaya,16620,90.32608695652172,0.0240673886883273,0.8660254037844387,-0.4999999999999998,1,0
Tasikmalaya,4,23.95,88.14,74.0,24.83,274.4,0.8124,1,tasikmalaya,Kabupaten Tasikmalaya,751600,283.5156544700113,0.0159659393294305,0.8660254037844387,-0.4999999999999998,1,0
Tasikmalaya,4,23.95,88.14,74.0,24.83,274.4,0.8124,1,tasikmalaya,Kota Tasikmalaya,16620,90.32608695652172,0.0240673886883273,0.8660254037844387,-0.4999999999999998,1,0
Ciamis,4,24.68,87.64,75.17,25.59,276.2,0.7852,1,ciamis,Kabupaten Ciamis,546900,381.6468946266573,0.0073139513622234,0.8660254037844387,-0.4999999999999998,1,0
Kota Banjar,4,25.59,87.82,76.72,28.0,271.1,0.6835,1,banjar,Kota Banjar,10610,93.0701754385965,0.0188501413760603,0.8660254037844387,-0.4999999999999998,1,0
Bekasi,4,26.58,84.96,78.04,30.98,189.0,0.5569,1,bekasi,Kabupaten Bekasi,62450,49.01883830455259,0.0008006405124099,0.8660254037844387,-0.4999999999999998,1,0
Bekasi,4,26.58,84.96,78.04,30.98,189.0,0.5569,1,bekasi,Kota Bekasi,920,4.380952380952381,0.0217391304347826,0.8660254037844387,-0.4999999999999998,1,0
Bogor,4,24.02,87.84,74.09,28.15,450.3,0.7366,1,bogor,Kabupaten Bogor,938360,313.30884808013354,0.0089517882262671,0.8660254037844387,-0.4999999999999998,1,0
Bogor,4,24.02,87.84,74.09,28.15,450.3,0.7366,1,bogor,Kota Bogor,4600,38.983050847457626,0.0217391304347826,0.8660254037844387,-0.4999999999999998,1,0
Cianjur,4,23.22,88.21,72.77,25.12,380.0,0.781,1,cianjur,Kabupaten Cianjur,611500,175.7183908045977,0.008176614881439,0.8660254037844387,-0.4999999999999998,1,0
Cirebon,4,26.3,85.07,77.6,28.84,278.4,0.6192,1,cirebon,Kabupaten Cirebon,239100,242.9878048780488,0.0020911752404851,0.8660254037844387,-0.4999999999999998,1,0
Cirebon,4,26.3,85.07,77.6,28.84,278.4,0.6192,1,cirebon,Kota Cirebon,1510,40.810810810810814,0.0066225165562913,0.8660254037844387,-0.4999999999999998,1,0
Garut,4,22.09,88.01,70.86,24.32,302.6,0.796,0,garut,Kabupaten Garut,1371800,447.5693311582382,0.0182242309374544,0.8660254037844387,-0.4999999999999998,0,0
Indramayu,4,26.57,84.97,78.02,28.04,251.3,0.6496,1,indramayu,Kabupaten Indramayu,175600,83.65888518342068,0.0005694760820045,0.8660254037844387,-0.4999999999999998,1,0
Karawang,4,26.55,85.33,78.03,29.59,192.9,0.5941,1,karawang,Kabupaten Karawang,107600,65.13317191283294,0.0009293680297397,0.8660254037844387,-0.4999999999999998,1,0
Kota Bandung,4,22.36,88.56,71.35,30.72,360.8,0.3858,0,bandung,Kabupaten Bandung,502000,283.9366515837104,0.0756972111553784,0.8660254037844387,-0.4999999999999998,0,0
Kota Bandung,4,22.36,88.56,71.35,30.72,360.8,0.3858,0,bandung,Kota Bandung,2340,13.928571428571429,0.017094017094017,0.8660254037844387,-0.4999999999999998,0,0
Kota Bogor,4,24.55,87.96,74.99,32.39,533.9,0.5271,1,bogor,Kabupaten Bogor,938360,313.30884808013354,0.0089517882262671,0.8660254037844387,-0.4999999999999998,1,0
Kota Bogor,4,24.55,87.96,74.99,32.39,533.9,0.5271,1,bogor,Kota Bogor,4600,38.983050847457626,0.0217391304347826,0.8660254037844387,-0.4999999999999998,1,0
Kota Cirebon,4,25.79,84.79,76.71,31.88,262.5,0.489,1,cirebon,Kabupaten Cirebon,239100,242.9878048780488,0.0020911752404851,0.8660254037844387,-0.4999999999999998,1,0
Kota Cirebon,4,25.79,84.79,76.71,31.88,262.5,0.489,1,cirebon,Kota Cirebon,1510,40.810810810810814,0.0066225165562913,0.8660254037844387,-0.4999999999999998,1,0
Kota Sukabumi,4,22.83,88.9,72.17,29.48,437.1,0.5906,1,sukabumi,Kabupaten Sukabumi,780220,187.462758289284,0.0026915485375919,0.8660254037844387,-0.4999999999999998,1,0
Kota Sukabumi,4,22.83,88.9,72.17,29.48,437.1,0.5906,1,sukabumi,Kota Sukabumi,3450,71.875,0.0144927536231884,0.8660254037844387,-0.4999999999999998,1,0
Kuningan,4,24.15,88.29,74.34,25.94,315.8,0.7673,1,kuningan,Kabupaten Kuningan,388700,347.9856759176365,0.0077180344738873,0.8660254037844387,-0.4999999999999998,1,0
Majalengka,4,24.38,87.71,74.67,26.72,340.4,0.6693,1,majalengka,Kabupaten Majalengka,290500,241.27906976744185,0.0017211703958691,0.8660254037844387,-0.4999999999999998,1,0
Purwakarta,4,24.74,87.8,75.29,26.95,411.3,0.7147,1,purwakarta,Kabupaten Purwakarta,145250,176.06060606060606,0.0010327022375215,0.8660254037844387,-0.4999999999999998,1,0
Subang,4,25.47,86.27,76.34,28.33,328.1,0.6678,1,subang,Kabupaten Subang,206200,109.506107275624,0.0009699321047526,0.8660254037844387,-0.4999999999999998,1,0
Sukabumi,4,23.86,88.27,73.85,26.19,371.3,0.7831,1,sukabumi,Kabupaten Sukabumi,780220,187.462758289284,0.0026915485375919,0.8660254037844387,-0.4999999999999998,1,0
Sukabumi,4,23.86,88.27,73.85,26.19,371.3,0.7831,1,sukabumi,Kota Sukabumi,3450,71.875,0.0144927536231884,0.8660254037844387,-0.4999999999999998,1,0
Sumedang,4,23.52,88.42,73.3,25.96,410.9,0.7618,1,sumedang,Kabupaten Sumedang,286500,188.23915900131405,0.0069808027923211,0.8660254037844387,-0.4999999999999998,1,0
Kota Bekasi,4,26.44,84.89,77.8,34.49,216.6,0.3863,1,bekasi,Kabupaten Bekasi,62450,49.01883830455259,0.0008006405124099,0.8660254037844387,-0.4999999999999998,1,0
Kota Bekasi,4,26.44,84.89,77.8,34.49,216.6,0.3863,1,bekasi,Kota Bekasi,920,4.380952380952381,0.0217391304347826,0.8660254037844387,-0.4999999999999998,1,0
Kota Depok,4,25.86,86.47,77.02,33.06,366.0,0.4801,1,depok,Kota Depok,610,3.05,0.0163934426229508,0.8660254037844387,-0.4999999999999998,1,0
Bandung,5,21.47,89.07,69.88,24.51,417.2,0.7226,0,bandung,Kabupaten Bandung,502000,283.9366515837104,0.0756972111553784,0.4999999999999999,-0.8660254037844387,0,0
Bandung,5,21.47,89.07,69.88,24.51,417.2,0.7226,0,bandung,Kota Bandung,2340,13.928571428571429,0.017094017094017,0.4999999999999999,-0.8660254037844387,0,0
Kota Cimahi,5,22.97,88.34,72.35,31.24,377.1,0.3503,1,cimahi,Kota Cimahi,1140,28.5,0.0263157894736842,0.4999999999999999,-0.8660254037844387,1,0
Kota Tasikmalaya,5,23.77,90.92,73.94,27.33,557.5,0.6576,1,tasikmalaya,Kabupaten Tasikmalaya,751600,283.5156544700113,0.0159659393294305,0.4999999999999999,-0.8660254037844387,1,0
Kota Tasikmalaya,5,23.77,90.92,73.94,27.33,557.5,0.6576,1,tasikmalaya,Kota Tasikmalaya,16620,90.32608695652172,0.0240673886883273,0.4999999999999999,-0.8660254037844387,1,0
Tasikmalaya,5,24.02,90.1,74.3,25.7,550.2,0.8232,1,tasikmalaya,Kabupaten Tasikmalaya,751600,283.5156544700113,0.0159659393294305,0.4999999999999999,-0.8660254037844387,1,0
Tasikmalaya,5,24.02,90.1,74.3,25.7,550.2,0.8232,1,tasikmalaya,Kota Tasikmalaya,16620,90.32608695652172,0.0240673886883273,0.4999999999999999,-0.8660254037844387,1,0
Ciamis,5,24.78,89.47,75.53,26.42,546.2,0.7741,1,ciamis,Kabupaten Ciamis,546900,381.6468946266573,0.0073139513622234,0.4999999999999999,-0.8660254037844387,1,0
Kota Banjar,5,25.63,89.89,77.02,28.51,422.0,0.6414,1,banjar,Kota Banjar,10610,93.0701754385965,0.0188501413760603,0.4999999999999999,-0.8660254037844387,1,0
Bekasi,5,26.88,84.7,78.5,30.85,231.1,0.5528,1,bekasi,Kabupaten Bekasi,62450,49.01883830455259,0.0008006405124099,0.4999999999999999,-0.8660254037844387,1,0
Bekasi,5,26.88,84.7,78.5,30.85,231.1,0.5528,1,bekasi,Kota Bekasi,920,4.380952380952381,0.0217391304347826,0.4999999999999999,-0.8660254037844387,1,0
Bogor,5,24.42,86.79,74.65,27.54,327.4,0.7282,1,bogor,Kabupaten Bogor,938360,313.30884808013354,0.0089517882262671,0.4999999999999999,-0.8660254037844387,1,0
Bogor,5,24.42,86.79,74.65,27.54,327.4,0.7282,1,bogor,Kota Bogor,4600,38.983050847457626,0.0217391304347826,0.4999999999999999,-0.8660254037844387,1,0
Cianjur,5,23.49,88.31,73.24,25.6,408.9,0.7959,1,cianjur,Kabupaten Cianjur,611500,175.7183908045977,0.008176614881439,0.4999999999999999,-0.8660254037844387,1,0
Cirebon,5,26.49,85.76,77.99,29.73,265.0,0.6184,1,cirebon,Kabupaten Cirebon,239100,242.9878048780488,0.0020911752404851,0.4999999999999999,-0.8660254037844387,1,0
Cirebon,5,26.49,85.76,77.99,29.73,265.0,0.6184,1,cirebon,Kota Cirebon,1510,40.810810810810814,0.0066225165562913,0.4999999999999999,-0.8660254037844387,1,0
Garut,5,22.26,89.55,71.26,24.52,494.5,0.8082,0,garut,Kabupaten Garut,1371800,447.5693311582382,0.0182242309374544,0.4999999999999999,-0.8660254037844387,0,0
Indramayu,5,26.76,85.81,78.45,29.4,240.1,0.5828,1,indramayu,Kabupaten Indramayu,175600,83.65888518342068,0.0005694760820045,0.4999999999999999,-0.8660254037844387,1,0
Karawang,5,26.84,85.31,78.51,29.19,225.7,0.631,1,karawang,Kabupaten Karawang,107600,65.13317191283294,0.0009293680297397,0.4999999999999999,-0.8660254037844387,1,0
Kota Bandung,5,22.64,88.86,71.84,30.57,383.6,0.3679,0,bandung,Kabupaten Bandung,502000,283.9366515837104,0.0756972111553784,0.4999999999999999,-0.8660254037844387,0,0
Kota Bandung,5,22.64,88.86,71.84,30.57,383.6,0.3679,0,bandung,Kota Bandung,2340,13.928571428571429,0.017094017094017,0.4999999999999999,-0.8660254037844387,0,0
Kota Bogor,5,24.98,86.57,75.56,31.69,382.5,0.5196,1,bogor,Kabupaten Bogor,938360,313.30884808013354,0.0089517882262671,0.4999999999999999,-0.8660254037844387,1,0
Kota Bogor,5,24.98,86.57,75.56,31.69,382.5,0.5196,1,bogor,Kota Bogor,4600,38.983050847457626,0.0217391304347826,0.4999999999999999,-0.8660254037844387,1,0
Kota Cirebon,5,25.98,85.52,77.11,31.85,291.3,0.4723,1,cirebon,Kabupaten Cirebon,239100,242.9878048780488,0.0020911752404851,0.4999999999999999,-0.8660254037844387,1,0
Kota Cirebon,5,25.98,85.52,77.11,31.85,291.3,0.4723,1,cirebon,Kota Cirebon,1510,40.810810810810814,0.0066225165562913,0.4999999999999999,-0.8660254037844387,1,0
Kota Sukabumi,5,23.18,88.37,72.72,29.53,331.4,0.6067,1,sukabumi,Kabupaten Sukabumi,780220,187.462758289284,0.0026915485375919,0.4999999999999999,-0.8660254037844387,1,0
Kota Sukabumi,5,23.18,88.37,72.72,29.53,331.4,0.6067,1,sukabumi,Kota Sukabumi,3450,71.875,0.0144927536231884,0.4999999999999999,-0.8660254037844387,1,0
Kuningan,5,24.36,89.36,74.8,26.34,398.4,0.7881,1,kuningan,Kabupaten Kuningan,388700,347.9856759176365,0.0077180344738873,0.4999999999999999,-0.8660254037844387,1,0
Majalengka,5,24.57,88.58,75.09,27.68,350.5,0.6912,1,majalengka,Kabupaten Majalengka,290500,241.27906976744185,0.0017211703958691,0.4999999999999999,-0.8660254037844387,1,0
Purwakarta,5,25.05,87.76,75.8,27.17,411.4,0.7224,1,purwakarta,Kabupaten Purwakarta,145250,176.06060606060606,0.0010327022375215,0.4999999999999999,-0.8660254037844387,1,0
Subang,5,25.68,87.0,76.77,28.48,303.7,0.6389,1,subang,Kabupaten Subang,206200,109.506107275624,0.0009699321047526,0.4999999999999999,-0.8660254037844387,1,0
Sukabumi,5,24.13,88.35,74.32,26.34,305.9,0.8019,1,sukabumi,Kabupaten Sukabumi,780220,187.462758289284,0.0026915485375919,0.4999999999999999,-0.8660254037844387,1,0
Sukabumi,5,24.13,88.35,74.32,26.34,305.9,0.8019,1,sukabumi,Kota Sukabumi,3450,71.875,0.0144927536231884,0.4999999999999999,-0.8660254037844387,1,0
Sumedang,5,23.73,89.41,73.73,26.43,411.1,0.7636,1,sumedang,Kabupaten Sumedang,286500,188.23915900131405,0.0069808027923211,0.4999999999999999,-0.8660254037844387,1,0
Kota Bekasi,5,26.76,84.49,78.27,34.0,246.2,0.3767,1,bekasi,Kabupaten Bekasi,62450,49.01883830455259,0.0008006405124099,0.4999999999999999,-0.8660254037844387,1,0
Kota Bekasi,5,26.76,84.49,78.27,34.0,246.2,0.3767,1,bekasi,Kota Bekasi,920,4.380952380952381,0.0217391304347826,0.4999999999999999,-0.8660254037844387,1,0
Kota Depok,5,26.22,85.48,77.5,32.75,269.4,0.4651,1,depok,Kota Depok,610,3.05,0.0163934426229508,0.4999999999999999,-0.8660254037844387,1,0
Bandung,6,21.14,87.19,69.2,23.11,152.5,0.7271,0,bandung,Kabupaten Bandung,502000,283.9366515837104,0.0756972111553784,1.2246467991473532e-16,-1.0,0,0
Bandung,6,21.14,87.19,69.2,23.11,152.5,0.7271,0,bandung,Kota Bandung,2340,13.928571428571429,0.017094017094017,1.2246467991473532e-16,-1.0,0,0
Kota Cimahi,6,22.62,86.85,71.66,28.58,101.7,0.3414,0,cimahi,Kota Cimahi,1140,28.5,0.0263157894736842,1.2246467991473532e-16,-1.0,0,0
Kota Tasikmalaya,6,23.3,89.61,73.03,26.49,165.5,0.6848,1,tasikmalaya,Kabupaten Tasikmalaya,751600,283.5156544700113,0.0159659393294305,1.2246467991473532e-16,-1.0,1,0
Kota Tasikmalaya,6,23.3,89.61,73.03,26.49,165.5,0.6848,1,tasikmalaya,Kota Tasikmalaya,16620,90.32608695652172,0.0240673886883273,1.2246467991473532e-16,-1.0,1,0
Tasikmalaya,6,23.58,88.71,73.42,24.57,201.0,0.8213,1,tasikmalaya,Kabupaten Tasikmalaya,751600,283.5156544700113,0.0159659393294305,1.2246467991473532e-16,-1.0,1,0
Tasikmalaya,6,23.58,88.71,73.42,24.57,201.0,0.8213,1,tasikmalaya,Kota Tasikmalaya,16620,90.32608695652172,0.0240673886883273,1.2246467991473532e-16,-1.0,1,0
Ciamis,6,24.33,87.98,74.63,25.37,192.7,0.7955,1,ciamis,Kabupaten Ciamis,546900,381.6468946266573,0.0073139513622234,1.2246467991473532e-16,-1.0,1,0
Kota Banjar,6,25.21,87.94,76.09,27.85,142.9,0.6863,1,banjar,Kota Banjar,10610,93.0701754385965,0.0188501413760603,1.2246467991473532e-16,-1.0,1,0
Bekasi,6,26.47,83.48,77.68,29.88,153.6,0.5274,1,bekasi,Kabupaten Bekasi,62450,49.01883830455259,0.0008006405124099,1.2246467991473532e-16,-1.0,1,0
Bekasi,6,26.47,83.48,77.68,29.88,153.6,0.5274,1,bekasi,Kota Bekasi,920,4.380952380952381,0.0217391304347826,1.2246467991473532e-16,-1.0,1,0
Bogor,6,23.96,86.32,73.84,26.62,237.5,0.734,1,bogor,Kabupaten Bogor,938360,313.30884808013354,0.0089517882262671,1.2246467991473532e-16,-1.0,1,0
Bogor,6,23.96,86.32,73.84,26.62,237.5,0.734,1,bogor,Kota Bogor,4600,38.983050847457626,0.0217391304347826,1.2246467991473532e-16,-1.0,1,0
Cianjur,6,23.2,87.42,72.66,24.45,187.0,0.8022,1,cianjur,Kabupaten Cianjur,611500,175.7183908045977,0.008176614881439,1.2246467991473532e-16,-1.0,1,0
Cirebon,6,26.42,81.89,77.41,29.09,147.9,0.5955,1,cirebon,Kabupaten Cirebon,239100,242.9878048780488,0.0020911752404851,1.2246467991473532e-16,-1.0,1,0
Cirebon,6,26.42,81.89,77.41,29.09,147.9,0.5955,1,cirebon,Kota Cirebon,1510,40.810810810810814,0.0066225165562913,1.2246467991473532e-16,-1.0,1,0
Garut,6,22.01,87.06,70.65,23.24,164.0,0.8095,0,garut,Kabupaten Garut,1371800,447.5693311582382,0.0182242309374544,1.2246467991473532e-16,-1.0,0,0
Indramayu,6,26.55,82.3,77.67,29.08,145.1,0.5132,1,indramayu,Kabupaten Indramayu,175600,83.65888518342068,0.0005694760820045,1.2246467991473532e-16,-1.0,1,0
Karawang,6,26.45,83.69,77.67,28.36,158.9,0.599,1,karawang,Kabupaten Karawang,107600,65.13317191283294,0.0009293680297397,1.2246467991473532e-16,-1.0,1,0
Kota Bandung,6,22.36,86.67,71.21,28.4,114.6,0.3602,0,bandung,Kabupaten Bandung,502000,283.9366515837104,0.0756972111553784,1.2246467991473532e-16,-1.0,0,0
Kota Bandung,6,22.36,86.67,71.21,28.4,114.6,0.3602,0,bandung,Kota Bandung,2340,13.928571428571429,0.017094017094017,1.2246467991473532e-16,-1.0,0,0
Kota Bogor,6,24.49,86.47,74.73,30.86,299.9,0.513,1,bogor,Kabupaten Bogor,938360,313.30884808013354,0.0089517882262671,1.2246467991473532e-16,-1.0,1,0
Kota Bogor,6,24.49,86.47,74.73,30.86,299.9,0.513,1,bogor,Kota Bogor,4600,38.983050847457626,0.0217391304347826,1.2246467991473532e-16,-1.0,1,0
Kota Cirebon,6,25.94,81.28,76.57,30.85,144.0,0.4724,1,cirebon,Kabupaten Cirebon,239100,242.9878048780488,0.0020911752404851,1.2246467991473532e-16,-1.0,1,0
Kota Cirebon,6,25.94,81.28,76.57,30.85,144.0,0.4724,1,cirebon,Kota Cirebon,1510,40.810810810810814,0.0066225165562913,1.2246467991473532e-16,-1.0,1,0
Kota Sukabumi,6,22.86,87.19,72.07,28.8,194.1,0.5689,1,sukabumi,Kabupaten Sukabumi,780220,187.462758289284,0.0026915485375919,1.2246467991473532e-16,-1.0,1,0
Kota Sukabumi,6,22.86,87.19,72.07,28.8,194.1,0.5689,1,sukabumi,Kota Sukabumi,3450,71.875,0.0144927536231884,1.2246467991473532e-16,-1.0,1,0
Kuningan,6,24.12,86.24,74.1,25.78,165.1,0.7979,1,kuningan,Kabupaten Kuningan,388700,347.9856759176365,0.0077180344738873,1.2246467991473532e-16,-1.0,1,0
Majalengka,6,24.43,85.22,74.51,26.82,136.9,0.7379,1,majalengka,Kabupaten Majalengka,290500,241.27906976744185,0.0017211703958691,1.2246467991473532e-16,-1.0,1,0
Purwakarta,6,24.65,86.15,74.98,26.36,190.8,0.7364,1,purwakarta,Kabupaten Purwakarta,145250,176.06060606060606,0.0010327022375215,1.2246467991473532e-16,-1.0,1,0
Subang,6,25.36,84.53,75.97,27.75,129.3,0.6247,1,subang,Kabupaten Subang,206200,109.506107275624,0.0009699321047526,1.2246467991473532e-16,-1.0,1,0
Sukabumi,6,23.89,87.06,73.8,24.96,220.0,0.8023,1,sukabumi,Kabupaten Sukabumi,780220,187.462758289284,0.0026915485375919,1.2246467991473532e-16,-1.0,1,0
Sukabumi,6,23.89,87.06,73.8,24.96,220.0,0.8023,1,sukabumi,Kota Sukabumi,3450,71.875,0.0144927536231884,1.2246467991473532e-16,-1.0,1,0
Sumedang,6,23.55,85.93,73.12,25.5,151.3,0.7835,1,sumedang,Kabupaten Sumedang,286500,188.23915900131405,0.0069808027923211,1.2246467991473532e-16,-1.0,1,0
Kota Bekasi,6,26.34,83.38,77.45,32.68,139.9,0.3768,1,bekasi,Kabupaten Bekasi,62450,49.01883830455259,0.0008006405124099,1.2246467991473532e-16,-1.0,1,0
Kota Bekasi,6,26.34,83.38,77.45,32.68,139.9,0.3768,1,bekasi,Kota Bekasi,920,4.380952380952381,0.0217391304347826,1.2246467991473532e-16,-1.0,1,0
Kota Depok,6,25.72,85.02,76.62,31.42,206.7,0.4605,1,depok,Kota Depok,610,3.05,0.0163934426229508,1.2246467991473532e-16,-1.0,1,0
Bandung,7,20.86,84.47,68.56,23.51,111.9,0.7382,0,bandung,Kabupaten Bandung,502000,283.9366515837104,0.0756972111553784,-0.4999999999999997,-0.8660254037844388,0,0
Bandung,7,20.86,84.47,68.56,23.51,111.9,0.7382,0,bandung,Kota Bandung,2340,13.928571428571429,0.017094017094017,-0.4999999999999997,-0.8660254037844388,0,0
Kota Cimahi,7,22.46,84.15,71.18,28.72,82.4,0.3251,0,cimahi,Kota Cimahi,1140,28.5,0.0263157894736842,-0.4999999999999997,-0.8660254037844388,0,0
Kota Tasikmalaya,7,22.25,89.42,71.24,24.66,163.6,0.6884,0,tasikmalaya,Kabupaten Tasikmalaya,751600,283.5156544700113,0.0159659393294305,-0.4999999999999997,-0.8660254037844388,0,0
Kota Tasikmalaya,7,22.25,89.42,71.24,24.66,163.6,0.6884,0,tasikmalaya,Kota Tasikmalaya,16620,90.32608695652172,0.0240673886883273,-0.4999999999999997,-0.8660254037844388,0,0
Tasikmalaya,7,22.6,88.1,71.72,23.74,169.4,0.8183,0,tasikmalaya,Kabupaten Tasikmalaya,751600,283.5156544700113,0.0159659393294305,-0.4999999999999997,-0.8660254037844388,0,0
Tasikmalaya,7,22.6,88.1,71.72,23.74,169.4,0.8183,0,tasikmalaya,Kota Tasikmalaya,16620,90.32608695652172,0.0240673886883273,-0.4999999999999997,-0.8660254037844388,0,0
Ciamis,7,23.36,86.61,72.86,24.12,152.0,0.809,1,ciamis,Kabupaten Ciamis,546900,381.6468946266573,0.0073139513622234,-0.4999999999999997,-0.8660254037844388,1,0
Kota Banjar,7,24.2,86.5,74.26,25.83,150.5,0.7342,1,banjar,Kota Banjar,10610,93.0701754385965,0.0188501413760603,-0.4999999999999997,-0.8660254037844388,1,0
Bekasi,7,26.52,79.42,77.28,29.66,147.7,0.4883,1,bekasi,Kabupaten Bekasi,62450,49.01883830455259,0.0008006405124099,-0.4999999999999997,-0.8660254037844388,1,0
Bekasi,7,26.52,79.42,77.28,29.66,147.7,0.4883,1,bekasi,Kota Bekasi,920,4.380952380952381,0.0217391304347826,-0.4999999999999997,-0.8660254037844388,1,0
Bogor,7,23.88,82.95,73.4,26.19,217.3,0.7399,1,bogor,Kabupaten Bogor,938360,313.30884808013354,0.0089517882262671,-0.4999999999999997,-0.8660254037844388,1,0
Bogor,7,23.88,82.95,73.4,26.19,217.3,0.7399,1,bogor,Kota Bogor,4600,38.983050847457626,0.0217391304347826,-0.4999999999999997,-0.8660254037844388,1,0
Cianjur,7,22.71,85.36,71.68,24.54,162.8,0.8012,0,cianjur,Kabupaten Cianjur,611500,175.7183908045977,0.008176614881439,-0.4999999999999997,-0.8660254037844388,0,0
Cirebon,7,26.18,74.99,76.22,28.81,81.7,0.5602,1,cirebon,Kabupaten Cirebon,239100,242.9878048780488,0.0020911752404851,-0.4999999999999997,-0.8660254037844388,1,0
Cirebon,7,26.18,74.99,76.22,28.81,81.7,0.5602,1,cirebon,Kota Cirebon,1510,40.810810810810814,0.0066225165562913,-0.4999999999999997,-0.8660254037844388,1,0
Garut,7,21.22,86.07,69.25,23.22,122.4,0.8085,0,garut,Kabupaten Garut,1371800,447.5693311582382,0.0182242309374544,-0.4999999999999997,-0.8660254037844388,0,0
Indramayu,7,26.62,72.99,76.66,27.98,65.2,0.5587,1,indramayu,Kabupaten Indramayu,175600,83.65888518342068,0.0005694760820045,-0.4999999999999997,-0.8660254037844388,1,0
Karawang,7,26.57,78.67,77.26,28.56,135.2,0.5626,1,karawang,Kabupaten Karawang,107600,65.13317191283294,0.0009293680297397,-0.4999999999999997,-0.8660254037844388,1,0
Kota Bandung,7,22.22,83.14,70.69,28.8,75.9,0.3642,0,bandung,Kabupaten Bandung,502000,283.9366515837104,0.0756972111553784,-0.4999999999999997,-0.8660254037844388,0,0
Kota Bandung,7,22.22,83.14,70.69,28.8,75.9,0.3642,0,bandung,Kota Bandung,2340,13.928571428571429,0.017094017094017,-0.4999999999999997,-0.8660254037844388,0,0
Kota Bogor,7,24.48,82.96,74.36,29.64,265.7,0.5192,1,bogor,Kabupaten Bogor,938360,313.30884808013354,0.0089517882262671,-0.4999999999999997,-0.8660254037844388,1,0
Kota Bogor,7,24.48,82.96,74.36,29.64,265.7,0.5192,1,bogor,Kota Bogor,4600,38.983050847457626,0.0217391304347826,-0.4999999999999997,-0.8660254037844388,1,0
Kota Cirebon,7,25.68,74.66,75.41,30.64,82.5,0.4581,1,cirebon,Kabupaten Cirebon,239100,242.9878048780488,0.0020911752404851,-0.4999999999999997,-0.8660254037844388,1,0
Kota Cirebon,7,25.68,74.66,75.41,30.64,82.5,0.4581,1,cirebon,Kota Cirebon,1510,40.810810810810814,0.0066225165562913,-0.4999999999999997,-0.8660254037844388,1,0
Kota Sukabumi,7,22.48,85.12,71.28,27.52,181.1,0.5667,0,sukabumi,Kabupaten Sukabumi,780220,187.462758289284,0.0026915485375919,-0.4999999999999997,-0.8660254037844388,0,0
Kota Sukabumi,7,22.48,85.12,71.28,27.52,181.1,0.5667,0,sukabumi,Kota Sukabumi,3450,71.875,0.0144927536231884,-0.4999999999999997,-0.8660254037844388,0,0
Kuningan,7,23.52,81.42,72.67,25.12,101.0,0.7738,1,kuningan,Kabupaten Kuningan,388700,347.9856759176365,0.0077180344738873,-0.4999999999999997,-0.8660254037844388,1,0
Majalengka,7,24.16,78.42,73.41,26.23,84.4,0.7171,1,majalengka,Kabupaten Majalengka,290500,241.27906976744185,0.0017211703958691,-0.4999999999999997,-0.8660254037844388,1,0
Purwakarta,7,24.69,81.73,74.59,26.42,155.7,0.7316,1,purwakarta,Kabupaten Purwakarta,145250,176.06060606060606,0.0010327022375215,-0.4999999999999997,-0.8660254037844388,1,0
Subang,7,25.47,77.82,75.43,27.36,85.9,0.6696,1,subang,Kabupaten Subang,206200,109.506107275624,0.0009699321047526,-0.4999999999999997,-0.8660254037844388,1,0
Sukabumi,7,23.38,85.52,72.8,24.75,178.1,0.8021,1,sukabumi,Kabupaten Sukabumi,780220,187.462758289284,0.0026915485375919,-0.4999999999999997,-0.8660254037844388,1,0
Sukabumi,7,23.38,85.52,72.8,24.75,178.1,0.8021,1,sukabumi,Kota Sukabumi,3450,71.875,0.0144927536231884,-0.4999999999999997,-0.8660254037844388,1,0
Sumedang,7,23.4,79.06,72.27,25.55,89.7,0.7765,1,sumedang,Kabupaten Sumedang,286500,188.23915900131405,0.0069808027923211,-0.4999999999999997,-0.8660254037844388,1,0
Kota Bekasi,7,26.39,79.49,77.08,32.08,139.5,0.3685,1,bekasi,Kabupaten Bekasi,62450,49.01883830455259,0.0008006405124099,-0.4999999999999997,-0.8660254037844388,1,0
Kota Bekasi,7,26.39,79.49,77.08,32.08,139.5,0.3685,1,bekasi,Kota Bekasi,920,4.380952380952381,0.0217391304347826,-0.4999999999999997,-0.8660254037844388,1,0
Kota Depok,7,25.76,81.38,76.29,31.39,197.7,0.4535,1,depok,Kota Depok,610,3.05,0.0163934426229508,-0.4999999999999997,-0.8660254037844388,1,0
Bandung,8,20.8,84.65,68.47,23.65,276.1,0.7255,0,bandung,Kabupaten Bandung,502000,283.9366515837104,0.0756972111553784,-0.8660254037844385,-0.5000000000000004,0,0
Bandung,8,20.8,84.65,68.47,23.65,276.1,0.7255,0,bandung,Kota Bandung,2340,13.928571428571429,0.017094017094017,-0.8660254037844385,-0.5000000000000004,0,0
Kota Cimahi,8,22.32,84.53,70.96,28.74,150.9,0.3364,0,cimahi,Kota Cimahi,1140,28.5,0.0263157894736842,-0.8660254037844385,-0.5000000000000004,0,0
Kota Tasikmalaya,8,22.74,88.98,72.03,25.06,343.2,0.6755,1,tasikmalaya,Kabupaten Tasikmalaya,751600,283.5156544700113,0.0159659393294305,-0.8660254037844385,-0.5000000000000004,1,0
Kota Tasikmalaya,8,22.74,88.98,72.03,25.06,343.2,0.6755,1,tasikmalaya,Kota Tasikmalaya,16620,90.32608695652172,0.0240673886883273,-0.8660254037844385,-0.5000000000000004,1,0
Tasikmalaya,8,23.0,88.04,72.38,24.1,291.6,0.8006,1,tasikmalaya,Kabupaten Tasikmalaya,751600,283.5156544700113,0.0159659393294305,-0.8660254037844385,-0.5000000000000004,1,0
Tasikmalaya,8,23.0,88.04,72.38,24.1,291.6,0.8006,1,tasikmalaya,Kota Tasikmalaya,16620,90.32608695652172,0.0240673886883273,-0.8660254037844385,-0.5000000000000004,1,0
Ciamis,8,23.77,87.08,73.59,24.89,327.2,0.8022,1,ciamis,Kabupaten Ciamis,546900,381.6468946266573,0.0073139513622234,-0.8660254037844385,-0.5000000000000004,1,0
Kota Banjar,8,24.63,87.4,75.06,26.34,342.0,0.7405,1,banjar,Kota Banjar,10610,93.0701754385965,0.0188501413760603,-0.8660254037844385,-0.5000000000000004,1,0
Bekasi,8,26.34,80.42,77.11,30.25,203.4,0.5052,1,bekasi,Kabupaten Bekasi,62450,49.01883830455259,0.0008006405124099,-0.8660254037844385,-0.5000000000000004,1,0
Bekasi,8,26.34,80.42,77.11,30.25,203.4,0.5052,1,bekasi,Kota Bekasi,920,4.380952380952381,0.0217391304347826,-0.8660254037844385,-0.5000000000000004,1,0
Bogor,8,23.73,83.74,73.22,26.89,410.1,0.7269,1,bogor,Kabupaten Bogor,938360,313.30884808013354,0.0089517882262671,-0.8660254037844385,-0.5000000000000004,1,0
Bogor,8,23.73,83.74,73.22,26.89,410.1,0.7269,1,bogor,Kota Bogor,4600,38.983050847457626,0.0217391304347826,-0.8660254037844385,-0.5000000000000004,1,0
Cianjur,8,22.72,85.79,71.73,24.78,380.1,0.7798,0,cianjur,Kabupaten Cianjur,611500,175.7183908045977,0.008176614881439,-0.8660254037844385,-0.5000000000000004,0,0
Cirebon,8,26.2,77.7,76.57,29.38,152.1,0.574,1,cirebon,Kabupaten Cirebon,239100,242.9878048780488,0.0020911752404851,-0.8660254037844385,-0.5000000000000004,1,0
Cirebon,8,26.2,77.7,76.57,29.38,152.1,0.574,1,cirebon,Kota Cirebon,1510,40.810810810810814,0.0066225165562913,-0.8660254037844385,-0.5000000000000004,1,0
Garut,8,21.45,85.88,69.63,23.63,224.6,0.7949,0,garut,Kabupaten Garut,1371800,447.5693311582382,0.0182242309374544,-0.8660254037844385,-0.5000000000000004,0,0
Indramayu,8,26.77,74.12,77.03,28.46,115.9,0.6227,1,indramayu,Kabupaten Indramayu,175600,83.65888518342068,0.0005694760820045,-0.8660254037844385,-0.5000000000000004,1,0
Karawang,8,26.37,79.79,77.09,28.82,176.1,0.5241,1,karawang,Kabupaten Karawang,107600,65.13317191283294,0.0009293680297397,-0.8660254037844385,-0.5000000000000004,1,0
Kota Bandung,8,22.09,83.68,70.52,28.52,162.8,0.3636,0,bandung,Kabupaten Bandung,502000,283.9366515837104,0.0756972111553784,-0.8660254037844385,-0.5000000000000004,0,0
Kota Bandung,8,22.09,83.68,70.52,28.52,162.8,0.3636,0,bandung,Kota Bandung,2340,13.928571428571429,0.017094017094017,-0.8660254037844385,-0.5000000000000004,0,0
Kota Bogor,8,24.3,83.96,74.17,30.77,560.9,0.5006,1,bogor,Kabupaten Bogor,938360,313.30884808013354,0.0089517882262671,-0.8660254037844385,-0.5000000000000004,1,0
Kota Bogor,8,24.3,83.96,74.17,30.77,560.9,0.5006,1,bogor,Kota Bogor,4600,38.983050847457626,0.0217391304347826,-0.8660254037844385,-0.5000000000000004,1,0
Kota Cirebon,8,25.66,77.73,75.71,30.15,92.4,0.4454,1,cirebon,Kabupaten Cirebon,239100,242.9878048780488,0.0020911752404851,-0.8660254037844385,-0.5000000000000004,1,0
Kota Cirebon,8,25.66,77.73,75.71,30.15,92.4,0.4454,1,cirebon,Kota Cirebon,1510,40.810810810810814,0.0066225165562913,-0.8660254037844385,-0.5000000000000004,1,0
Kota Sukabumi,8,22.49,84.88,71.27,27.81,380.0,0.5542,0,sukabumi,Kabupaten Sukabumi,780220,187.462758289284,0.0026915485375919,-0.8660254037844385,-0.5000000000000004,0,0
Kota Sukabumi,8,22.49,84.88,71.27,27.81,380.0,0.5542,0,sukabumi,Kota Sukabumi,3450,71.875,0.0144927536231884,-0.8660254037844385,-0.5000000000000004,0,0
Kuningan,8,23.79,82.82,73.23,25.44,270.2,0.7649,1,kuningan,Kabupaten Kuningan,388700,347.9856759176365,0.0077180344738873,-0.8660254037844385,-0.5000000000000004,1,0
Majalengka,8,24.32,79.87,73.81,27.18,143.2,0.6791,1,majalengka,Kabupaten Majalengka,290500,241.27906976744185,0.0017211703958691,-0.8660254037844385,-0.5000000000000004,1,0
Purwakarta,8,24.52,82.52,74.39,26.53,253.7,0.7139,1,purwakarta,Kabupaten Purwakarta,145250,176.06060606060606,0.0010327022375215,-0.8660254037844385,-0.5000000000000004,1,0
Subang,8,25.35,78.91,75.35,27.35,172.2,0.7073,1,subang,Kabupaten Subang,206200,109.506107275624,0.0009699321047526,-0.8660254037844385,-0.5000000000000004,1,0
Sukabumi,8,23.4,85.55,72.83,25.06,336.8,0.7823,1,sukabumi,Kabupaten Sukabumi,780220,187.462758289284,0.0026915485375919,-0.8660254037844385,-0.5000000000000004,1,0
Sukabumi,8,23.4,85.55,72.83,25.06,336.8,0.7823,1,sukabumi,Kota Sukabumi,3450,71.875,0.0144927536231884,-0.8660254037844385,-0.5000000000000004,1,0
Sumedang,8,23.46,80.18,72.46,26.05,187.8,0.7516,1,sumedang,Kabupaten Sumedang,286500,188.23915900131405,0.0069808027923211,-0.8660254037844385,-0.5000000000000004,1,0
Kota Bekasi,8,26.25,80.1,76.92,33.37,224.5,0.3641,1,bekasi,Kabupaten Bekasi,62450,49.01883830455259,0.0008006405124099,-0.8660254037844385,-0.5000000000000004,1,0
Kota Bekasi,8,26.25,80.1,76.92,33.37,224.5,0.3641,1,bekasi,Kota Bekasi,920,4.380952380952381,0.0217391304347826,-0.8660254037844385,-0.5000000000000004,1,0
Kota Depok,8,25.61,81.96,76.1,31.98,341.6,0.4453,1,depok,Kota Depok,610,3.05,0.0163934426229508,-0.8660254037844385,-0.5000000000000004,1,0
Bandung,9,21.3,82.92,69.19,24.2,208.2,0.7131,0,bandung,Kabupaten Bandung,502000,283.9366515837104,0.0756972111553784,-1.0,-1.8369701987210294e-16,0,0
Bandung,9,21.3,82.92,69.19,24.2,208.2,0.7131,0,bandung,Kota Bandung,2340,13.928571428571429,0.017094017094017,-1.0,-1.8369701987210294e-16,0,0
Kota Cimahi,9,22.95,82.31,71.83,31.1,185.7,0.3423,0,cimahi,Kota Cimahi,1140,28.5,0.0263157894736842,-1.0,-1.8369701987210294e-16,0,0
Kota Tasikmalaya,9,22.98,88.82,72.42,26.3,215.7,0.6644,1,tasikmalaya,Kabupaten Tasikmalaya,751600,283.5156544700113,0.0159659393294305,-1.0,-1.8369701987210294e-16,1,0
Kota Tasikmalaya,9,22.98,88.82,72.42,26.3,215.7,0.6644,1,tasikmalaya,Kota Tasikmalaya,16620,90.32608695652172,0.0240673886883273,-1.0,-1.8369701987210294e-16,1,0
Tasikmalaya,9,23.22,88.07,72.75,25.65,258.8,0.8101,1,tasikmalaya,Kabupaten Tasikmalaya,751600,283.5156544700113,0.0159659393294305,-1.0,-1.8369701987210294e-16,1,0
Tasikmalaya,9,23.22,88.07,72.75,25.65,258.8,0.8101,1,tasikmalaya,Kota Tasikmalaya,16620,90.32608695652172,0.0240673886883273,-1.0,-1.8369701987210294e-16,1,0
Ciamis,9,23.94,87.4,73.9,27.0,205.9,0.787,1,ciamis,Kabupaten Ciamis,546900,381.6468946266573,0.0073139513622234,-1.0,-1.8369701987210294e-16,1,0
Kota Banjar,9,24.75,87.82,75.31,29.08,182.7,0.6758,1,banjar,Kota Banjar,10610,93.0701754385965,0.0188501413760603,-1.0,-1.8369701987210294e-16,1,0
Bekasi,9,27.05,78.18,77.97,31.37,129.4,0.5439,1,bekasi,Kabupaten Bekasi,62450,49.01883830455259,0.0008006405124099,-1.0,-1.8369701987210294e-16,1,0
Bekasi,9,27.05,78.18,77.97,31.37,129.4,0.5439,1,bekasi,Kota Bekasi,920,4.380952380952381,0.0217391304347826,-1.0,-1.8369701987210294e-16,1,0
Bogor,9,24.25,82.3,73.92,27.52,451.5,0.7285,1,bogor,Kabupaten Bogor,938360,313.30884808013354,0.0089517882262671,-1.0,-1.8369701987210294e-16,1,0
Bogor,9,24.25,82.3,73.92,27.52,451.5,0.7285,1,bogor,Kota Bogor,4600,38.983050847457626,0.0217391304347826,-1.0,-1.8369701987210294e-16,1,0
Cianjur,9,23.0,85.8,72.19,25.42,309.1,0.7782,1,cianjur,Kabupaten Cianjur,611500,175.7183908045977,0.008176614881439,-1.0,-1.8369701987210294e-16,1,0
Cirebon,9,27.06,73.51,77.4,30.9,70.8,0.6017,1,cirebon,Kabupaten Cirebon,239100,242.9878048780488,0.0020911752404851,-1.0,-1.8369701987210294e-16,1,0
Cirebon,9,27.06,73.51,77.4,30.9,70.8,0.6017,1,cirebon,Kota Cirebon,1510,40.810810810810814,0.0066225165562913,-1.0,-1.8369701987210294e-16,1,0
Garut,9,21.74,85.5,70.09,24.33,158.3,0.7791,0,garut,Kabupaten Garut,1371800,447.5693311582382,0.0182242309374544,-1.0,-1.8369701987210294e-16,0,0
Indramayu,9,27.9,68.38,78.01,29.0,40.0,0.6442,1,indramayu,Kabupaten Indramayu,175600,83.65888518342068,0.0005694760820045,-1.0,-1.8369701987210294e-16,1,0
Karawang,9,27.2,76.62,78.0,30.17,137.9,0.5574,1,karawang,Kabupaten Karawang,107600,65.13317191283294,0.0009293680297397,-1.0,-1.8369701987210294e-16,1,0
Kota Bandung,9,22.78,80.92,71.44,30.14,150.3,0.3665,0,bandung,Kabupaten Bandung,502000,283.9366515837104,0.0756972111553784,-1.0,-1.8369701987210294e-16,0,0
Kota Bandung,9,22.78,80.92,71.44,30.14,150.3,0.3665,0,bandung,Kota Bandung,2340,13.928571428571429,0.017094017094017,-1.0,-1.8369701987210294e-16,0,0
Kota Bogor,9,24.84,82.38,74.91,32.03,648.1,0.4965,1,bogor,Kabupaten Bogor,938360,313.30884808013354,0.0089517882262671,-1.0,-1.8369701987210294e-16,1,0
Kota Bogor,9,24.84,82.38,74.91,32.03,648.1,0.4965,1,bogor,Kota Bogor,4600,38.983050847457626,0.0217391304347826,-1.0,-1.8369701987210294e-16,1,0
Kota Cirebon,9,26.46,73.72,76.5,33.84,74.6,0.4397,1,cirebon,Kabupaten Cirebon,239100,242.9878048780488,0.0020911752404851,-1.0,-1.8369701987210294e-16,1,0
Kota Cirebon,9,26.46,73.72,76.5,33.84,74.6,0.4397,1,cirebon,Kota Cirebon,1510,40.810810810810814,0.0066225165562913,-1.0,-1.8369701987210294e-16,1,0
Kota Sukabumi,9,22.81,85.51,71.86,29.75,382.5,0.5931,0,sukabumi,Kabupaten Sukabumi,780220,187.462758289284,0.0026915485375919,-1.0,-1.8369701987210294e-16,0,0
Kota Sukabumi,9,22.81,85.51,71.86,29.75,382.5,0.5931,0,sukabumi,Kota Sukabumi,3450,71.875,0.0144927536231884,-1.0,-1.8369701987210294e-16,0,0
Kuningan,9,24.31,80.52,73.86,27.02,95.6,0.76,1,kuningan,Kabupaten Kuningan,388700,347.9856759176365,0.0077180344738873,-1.0,-1.8369701987210294e-16,1,0
Majalengka,9,25.25,75.09,74.79,29.06,65.2,0.652,1,majalengka,Kabupaten Majalengka,290500,241.27906976744185,0.0017211703958691,-1.0,-1.8369701987210294e-16,1,0
Purwakarta,9,25.26,79.01,75.22,27.75,235.5,0.7131,1,purwakarta,Kabupaten Purwakarta,145250,176.06060606060606,0.0010327022375215,-1.0,-1.8369701987210294e-16,1,0
Subang,9,26.21,75.22,76.29,28.23,120.4,0.6955,1,subang,Kabupaten Subang,206200,109.506107275624,0.0009699321047526,-1.0,-1.8369701987210294e-16,1,0
Sukabumi,9,23.61,86.54,73.27,25.82,362.0,0.7737,1,sukabumi,Kabupaten Sukabumi,780220,187.462758289284,0.0026915485375919,-1.0,-1.8369701987210294e-16,1,0
Sukabumi,9,23.61,86.54,73.27,25.82,362.0,0.7737,1,sukabumi,Kota Sukabumi,3450,71.875,0.0144927536231884,-1.0,-1.8369701987210294e-16,1,0
Sumedang,9,24.4,75.24,73.47,27.09,90.7,0.7437,1,sumedang,Kabupaten Sumedang,286500,188.23915900131405,0.0069808027923211,-1.0,-1.8369701987210294e-16,1,0
Kota Bekasi,9,26.96,77.74,77.78,35.2,125.5,0.3582,1,bekasi,Kabupaten Bekasi,62450,49.01883830455259,0.0008006405124099,-1.0,-1.8369701987210294e-16,1,0
Kota Bekasi,9,26.96,77.74,77.78,35.2,125.5,0.3582,1,bekasi,Kota Bekasi,920,4.380952380952381,0.0217391304347826,-1.0,-1.8369701987210294e-16,1,0
Kota Depok,9,26.26,79.77,76.9,33.58,308.1,0.4409,1,depok,Kota Depok,610,3.05,0.0163934426229508,-1.0,-1.8369701987210294e-16,1,0
Bandung,10,21.43,85.5,69.58,26.03,300.7,0.7065,0,bandung,Kabupaten Bandung,502000,283.9366515837104,0.0756972111553784,-0.8660254037844386,0.5000000000000001,0,0
Bandung,10,21.43,85.5,69.58,26.03,300.7,0.7065,0,bandung,Kota Bandung,2340,13.928571428571429,0.017094017094017,-0.8660254037844386,0.5000000000000001,0,0
Kota Cimahi,10,23.03,85.31,72.2,32.07,249.1,0.3276,1,cimahi,Kota Cimahi,1140,28.5,0.0263157894736842,-0.8660254037844386,0.5000000000000001,1,0
Kota Tasikmalaya,10,23.49,89.04,73.3,27.83,510.2,0.6721,1,tasikmalaya,Kabupaten Tasikmalaya,751600,283.5156544700113,0.0159659393294305,-0.8660254037844386,0.5000000000000001,1,0
Kota Tasikmalaya,10,23.49,89.04,73.3,27.83,510.2,0.6721,1,tasikmalaya,Kota Tasikmalaya,16620,90.32608695652172,0.0240673886883273,-0.8660254037844386,0.5000000000000001,1,0
Tasikmalaya,10,23.7,88.34,73.58,25.85,595.8,0.7911,1,tasikmalaya,Kabupaten Tasikmalaya,751600,283.5156544700113,0.0159659393294305,-0.8660254037844386,0.5000000000000001,1,0
Tasikmalaya,10,23.7,88.34,73.58,25.85,595.8,0.7911,1,tasikmalaya,Kota Tasikmalaya,16620,90.32608695652172,0.0240673886883273,-0.8660254037844386,0.5000000000000001,1,0
Ciamis,10,24.41,88.02,74.76,26.85,492.0,0.7675,1,ciamis,Kabupaten Ciamis,546900,381.6468946266573,0.0073139513622234,-0.8660254037844386,0.5000000000000001,1,0
Kota Banjar,10,25.28,88.08,76.22,28.73,350.6,0.6676,1,banjar,Kota Banjar,10610,93.0701754385965,0.0188501413760603,-0.8660254037844386,0.5000000000000001,1,0
Bekasi,10,27.01,81.58,78.33,32.02,142.3,0.5291,1,bekasi,Kabupaten Bekasi,62450,49.01883830455259,0.0008006405124099,-0.8660254037844386,0.5000000000000001,1,0
Bekasi,10,27.01,81.58,78.33,32.02,142.3,0.5291,1,bekasi,Kota Bekasi,920,4.380952380952381,0.0217391304347826,-0.8660254037844386,0.5000000000000001,1,0
Bogor,10,24.28,85.14,74.26,28.47,416.1,0.7265,1,bogor,Kabupaten Bogor,938360,313.30884808013354,0.0089517882262671,-0.8660254037844386,0.5000000000000001,1,0
Bogor,10,24.28,85.14,74.26,28.47,416.1,0.7265,1,bogor,Kota Bogor,4600,38.983050847457626,0.0217391304347826,-0.8660254037844386,0.5000000000000001,1,0
Cianjur,10,23.19,87.42,72.65,26.81,409.6,0.7726,1,cianjur,Kabupaten Cianjur,611500,175.7183908045977,0.008176614881439,-0.8660254037844386,0.5000000000000001,1,0
Cirebon,10,27.36,76.01,78.18,31.67,95.3,0.6043,1,cirebon,Kabupaten Cirebon,239100,242.9878048780488,0.0020911752404851,-0.8660254037844386,0.5000000000000001,1,0
Cirebon,10,27.36,76.01,78.18,31.67,95.3,0.6043,1,cirebon,Kota Cirebon,1510,40.810810810810814,0.0066225165562913,-0.8660254037844386,0.5000000000000001,1,0
Garut,10,22.06,86.55,70.69,25.9,433.4,0.7728,0,garut,Kabupaten Garut,1371800,447.5693311582382,0.0182242309374544,-0.8660254037844386,0.5000000000000001,0,0
Indramayu,10,28.02,72.68,78.77,31.84,100.7,0.5613,1,indramayu,Kabupaten Indramayu,175600,83.65888518342068,0.0005694760820045,-0.8660254037844386,0.5000000000000001,1,0
Karawang,10,27.18,80.28,78.44,30.75,141.9,0.5609,1,karawang,Kabupaten Karawang,107600,65.13317191283294,0.0009293680297397,-0.8660254037844386,0.5000000000000001,1,0
Kota Bandung,10,22.9,83.98,71.88,32.73,225.9,0.367,0,bandung,Kabupaten Bandung,502000,283.9366515837104,0.0756972111553784,-0.8660254037844386,0.5000000000000001,0,0
Kota Bandung,10,22.9,83.98,71.88,32.73,225.9,0.367,0,bandung,Kota Bandung,2340,13.928571428571429,0.017094017094017,-0.8660254037844386,0.5000000000000001,0,0
Kota Bogor,10,24.84,85.23,75.2,33.31,471.2,0.49,1,bogor,Kabupaten Bogor,938360,313.30884808013354,0.0089517882262671,-0.8660254037844386,0.5000000000000001,1,0
Kota Bogor,10,24.84,85.23,75.2,33.31,471.2,0.49,1,bogor,Kota Bogor,4600,38.983050847457626,0.0217391304347826,-0.8660254037844386,0.5000000000000001,1,0
Kota Cirebon,10,26.77,76.03,77.27,34.39,96.4,0.4385,1,cirebon,Kabupaten Cirebon,239100,242.9878048780488,0.0020911752404851,-0.8660254037844386,0.5000000000000001,1,0
Kota Cirebon,10,26.77,76.03,77.27,34.39,96.4,0.4385,1,cirebon,Kota Cirebon,1510,40.810810810810814,0.0066225165562913,-0.8660254037844386,0.5000000000000001,1,0
Kota Sukabumi,10,22.92,87.14,72.17,31.69,382.3,0.5849,1,sukabumi,Kabupaten Sukabumi,780220,187.462758289284,0.0026915485375919,-0.8660254037844386,0.5000000000000001,1,0
Kota Sukabumi,10,22.92,87.14,72.17,31.69,382.3,0.5849,1,sukabumi,Kota Sukabumi,3450,71.875,0.0144927536231884,-0.8660254037844386,0.5000000000000001,1,0
Kuningan,10,24.71,81.83,74.63,27.3,195.4,0.7625,1,kuningan,Kabupaten Kuningan,388700,347.9856759176365,0.0077180344738873,-0.8660254037844386,0.5000000000000001,1,0
Majalengka,10,25.5,78.14,75.5,29.67,181.6,0.6304,1,majalengka,Kabupaten Majalengka,290500,241.27906976744185,0.0017211703958691,-0.8660254037844386,0.5000000000000001,1,0
Purwakarta,10,25.27,82.98,75.67,27.88,292.3,0.7146,1,purwakarta,Kabupaten Purwakarta,145250,176.06060606060606,0.0010327022375215,-0.8660254037844386,0.5000000000000001,1,0
Subang,10,26.25,79.44,76.85,29.67,190.7,0.6584,1,subang,Kabupaten Subang,206200,109.506107275624,0.0009699321047526,-0.8660254037844386,0.5000000000000001,1,0
Sukabumi,10,23.82,87.67,73.73,26.42,383.9,0.7854,1,sukabumi,Kabupaten Sukabumi,780220,187.462758289284,0.0026915485375919,-0.8660254037844386,0.5000000000000001,1,0
Sukabumi,10,23.82,87.67,73.73,26.42,383.9,0.7854,1,sukabumi,Kota Sukabumi,3450,71.875,0.0144927536231884,-0.8660254037844386,0.5000000000000001,1,0
Sumedang,10,24.65,77.98,74.15,27.64,206.9,0.7465,1,sumedang,Kabupaten Sumedang,286500,188.23915900131405,0.0069808027923211,-0.8660254037844386,0.5000000000000001,1,0
Kota Bekasi,10,26.89,81.22,78.09,35.82,156.0,0.3526,1,bekasi,Kabupaten Bekasi,62450,49.01883830455259,0.0008006405124099,-0.8660254037844386,0.5000000000000001,1,0
Kota Bekasi,10,26.89,81.22,78.09,35.82,156.0,0.3526,1,bekasi,Kota Bekasi,920,4.380952380952381,0.0217391304347826,-0.8660254037844386,0.5000000000000001,1,0
Kota Depok,10,26.22,83.16,77.23,34.61,303.6,0.431,1,depok,Kota Depok,610,3.05,0.0163934426229508,-0.8660254037844386,0.5000000000000001,1,0
Bandung,11,21.0,88.5,69.05,25.19,429.5,0.6727,0,bandung,Kabupaten Bandung,502000,283.9366515837104,0.0756972111553784,-0.5000000000000004,0.8660254037844384,0,0
Bandung,11,21.0,88.5,69.05,25.19,429.5,0.6727,0,bandung,Kota Bandung,2340,13.928571428571429,0.017094017094017,-0.5000000000000004,0.8660254037844384,0,0
Kota Cimahi,11,22.65,86.92,71.7,34.66,313.0,0.343,0,cimahi,Kota Cimahi,1140,28.5,0.0263157894736842,-0.5000000000000004,0.8660254037844384,0,0
Kota Tasikmalaya,11,23.43,90.15,73.3,27.75,434.5,0.6149,1,tasikmalaya,Kabupaten Tasikmalaya,751600,283.5156544700113,0.0159659393294305,-0.5000000000000004,0.8660254037844384,1,0
Kota Tasikmalaya,11,23.43,90.15,73.3,27.75,434.5,0.6149,1,tasikmalaya,Kota Tasikmalaya,16620,90.32608695652172,0.0240673886883273,-0.5000000000000004,0.8660254037844384,1,0
Tasikmalaya,11,23.62,89.15,73.53,25.67,480.5,0.7431,1,tasikmalaya,Kabupaten Tasikmalaya,751600,283.5156544700113,0.0159659393294305,-0.5000000000000004,0.8660254037844384,1,0
Tasikmalaya,11,23.62,89.15,73.53,25.67,480.5,0.7431,1,tasikmalaya,Kota Tasikmalaya,16620,90.32608695652172,0.0240673886883273,-0.5000000000000004,0.8660254037844384,1,0
Ciamis,11,24.43,88.07,74.8,26.05,456.4,0.6699,1,ciamis,Kabupaten Ciamis,546900,381.6468946266573,0.0073139513622234,-0.5000000000000004,0.8660254037844384,1,0
Kota Banjar,11,25.37,88.48,76.42,29.54,393.8,0.5748,1,banjar,Kota Banjar,10610,93.0701754385965,0.0188501413760603,-0.5000000000000004,0.8660254037844384,1,0
Bekasi,11,26.63,81.92,77.76,29.56,220.7,0.5073,1,bekasi,Kabupaten Bekasi,62450,49.01883830455259,0.0008006405124099,-0.5000000000000004,0.8660254037844384,1,0
Bekasi,11,26.63,81.92,77.76,29.56,220.7,0.5073,1,bekasi,Kota Bekasi,920,4.380952380952381,0.0217391304347826,-0.5000000000000004,0.8660254037844384,1,0
Bogor,11,23.89,85.91,73.69,27.47,401.4,0.7078,1,bogor,Kabupaten Bogor,938360,313.30884808013354,0.0089517882262671,-0.5000000000000004,0.8660254037844384,1,0
Bogor,11,23.89,85.91,73.69,27.47,401.4,0.7078,1,bogor,Kota Bogor,4600,38.983050847457626,0.0217391304347826,-0.5000000000000004,0.8660254037844384,1,0
Cianjur,11,22.86,88.26,72.17,26.2,465.2,0.7364,1,cianjur,Kabupaten Cianjur,611500,175.7183908045977,0.008176614881439,-0.5000000000000004,0.8660254037844384,1,0
Cirebon,11,26.28,84.27,77.46,29.67,223.5,0.5489,1,cirebon,Kabupaten Cirebon,239100,242.9878048780488,0.0020911752404851,-0.5000000000000004,0.8660254037844384,1,0
Cirebon,11,26.28,84.27,77.46,29.67,223.5,0.5489,1,cirebon,Kota Cirebon,1510,40.810810810810814,0.0066225165562913,-0.5000000000000004,0.8660254037844384,1,0
Garut,11,21.75,89.56,70.39,24.6,450.3,0.7621,0,garut,Kabupaten Garut,1371800,447.5693311582382,0.0182242309374544,-0.5000000000000004,0.8660254037844384,0,0
Indramayu,11,26.57,84.44,77.96,30.16,225.3,0.4689,1,indramayu,Kabupaten Indramayu,175600,83.65888518342068,0.0005694760820045,-0.5000000000000004,0.8660254037844384,1,0
Karawang,11,26.66,82.37,77.86,29.03,217.6,0.5866,1,karawang,Kabupaten Karawang,107600,65.13317191283294,0.0009293680297397,-0.5000000000000004,0.8660254037844384,1,0
Kota Bandung,11,22.31,87.99,71.23,33.78,317.8,0.3662,0,bandung,Kabupaten Bandung,502000,283.9366515837104,0.0756972111553784,-0.5000000000000004,0.8660254037844384,0,0
Kota Bandung,11,22.31,87.99,71.23,33.78,317.8,0.3662,0,bandung,Kota Bandung,2340,13.928571428571429,0.017094017094017,-0.5000000000000004,0.8660254037844384,0,0
Kota Bogor,11,24.4,85.97,74.53,29.51,432.7,0.512,1,bogor,Kabupaten Bogor,938360,313.30884808013354,0.0089517882262671,-0.5000000000000004,0.8660254037844384,1,0
Kota Bogor,11,24.4,85.97,74.53,29.51,432.7,0.512,1,bogor,Kota Bogor,4600,38.983050847457626,0.0217391304347826,-0.5000000000000004,0.8660254037844384,1,0
Kota Cirebon,11,25.71,84.4,76.54,30.57,194.7,0.4434,1,cirebon,Kabupaten Cirebon,239100,242.9878048780488,0.0020911752404851,-0.5000000000000004,0.8660254037844384,1,0
Kota Cirebon,11,25.71,84.4,76.54,30.57,194.7,0.4434,1,cirebon,Kota Cirebon,1510,40.810810810810814,0.0066225165562913,-0.5000000000000004,0.8660254037844384,1,0
Kota Sukabumi,11,22.41,89.27,71.49,29.49,472.7,0.5503,0,sukabumi,Kabupaten Sukabumi,780220,187.462758289284,0.0026915485375919,-0.5000000000000004,0.8660254037844384,0,0
Kota Sukabumi,11,22.41,89.27,71.49,29.49,472.7,0.5503,0,sukabumi,Kota Sukabumi,3450,71.875,0.0144927536231884,-0.5000000000000004,0.8660254037844384,0,0
Kuningan,11,24.08,88.01,74.2,26.28,351.1,0.727,1,kuningan,Kabupaten Kuningan,388700,347.9856759176365,0.0077180344738873,-0.5000000000000004,0.8660254037844384,1,0
Majalengka,11,24.36,87.48,74.62,28.16,337.9,0.5933,1,majalengka,Kabupaten Majalengka,290500,241.27906976744185,0.0017211703958691,-0.5000000000000004,0.8660254037844384,1,0
Purwakarta,11,24.81,85.59,75.18,26.88,394.9,0.6845,1,purwakarta,Kabupaten Purwakarta,145250,176.06060606060606,0.0010327022375215,-0.5000000000000004,0.8660254037844384,1,0
Subang,11,25.47,85.32,76.24,28.97,311.9,0.6023,1,subang,Kabupaten Subang,206200,109.506107275624,0.0009699321047526,-0.5000000000000004,0.8660254037844384,1,0
Sukabumi,11,23.32,89.04,73.02,26.65,430.4,0.7382,1,sukabumi,Kabupaten Sukabumi,780220,187.462758289284,0.0026915485375919,-0.5000000000000004,0.8660254037844384,1,0
Sukabumi,11,23.32,89.04,73.02,26.65,430.4,0.7382,1,sukabumi,Kota Sukabumi,3450,71.875,0.0144927536231884,-0.5000000000000004,0.8660254037844384,1,0
Sumedang,11,23.48,88.73,73.25,26.69,391.1,0.7308,1,sumedang,Kabupaten Sumedang,286500,188.23915900131405,0.0069808027923211,-0.5000000000000004,0.8660254037844384,1,0
Kota Bekasi,11,26.49,81.59,77.48,30.09,199.8,0.3596,1,bekasi,Kabupaten Bekasi,62450,49.01883830455259,0.0008006405124099,-0.5000000000000004,0.8660254037844384,1,0
Kota Bekasi,11,26.49,81.59,77.48,30.09,199.8,0.3596,1,bekasi,Kota Bekasi,920,4.380952380952381,0.0217391304347826,-0.5000000000000004,0.8660254037844384,1,0
Kota Depok,11,25.9,83.14,76.71,0.0,297.6,0.426,1,depok,Kota Depok,610,3.05,0.0163934426229508,-0.5000000000000004,0.8660254037844384,1,0
Bandung,12,21.11,89.29,69.29,24.22,376.9,0.7059,0,bandung,Kabupaten Bandung,502000,283.9366515837104,0.0756972111553784,-2.4492935982947064e-16,1.0,0,0
Bandung,12,21.11,89.29,69.29,24.22,376.9,0.7059,0,bandung,Kota Bandung,2340,13.928571428571429,0.017094017094017,-2.4492935982947064e-16,1.0,0,0
Kota Cimahi,12,22.64,88.41,71.81,31.08,301.5,0.358,0,cimahi,Kota Cimahi,1140,28.5,0.0263157894736842,-2.4492935982947064e-16,1.0,0,0
Kota Tasikmalaya,12,23.74,88.88,73.7,26.51,404.1,0.6638,1,tasikmalaya,Kabupaten Tasikmalaya,751600,283.5156544700113,0.0159659393294305,-2.4492935982947064e-16,1.0,1,0
Kota Tasikmalaya,12,23.74,88.88,73.7,26.51,404.1,0.6638,1,tasikmalaya,Kota Tasikmalaya,16620,90.32608695652172,0.0240673886883273,-2.4492935982947064e-16,1.0,1,0
Tasikmalaya,12,23.96,87.84,73.99,25.11,364.5,0.8039,1,tasikmalaya,Kabupaten Tasikmalaya,751600,283.5156544700113,0.0159659393294305,-2.4492935982947064e-16,1.0,1,0
Tasikmalaya,12,23.96,87.84,73.99,25.11,364.5,0.8039,1,tasikmalaya,Kota Tasikmalaya,16620,90.32608695652172,0.0240673886883273,-2.4492935982947064e-16,1.0,1,0
Ciamis,12,24.74,87.2,75.23,26.78,372.5,0.78,1,ciamis,Kabupaten Ciamis,546900,381.6468946266573,0.0073139513622234,-2.4492935982947064e-16,1.0,1,0
Kota Banjar,12,25.65,87.65,76.81,28.81,371.5,0.6882,1,banjar,Kota Banjar,10610,93.0701754385965,0.0188501413760603,-2.4492935982947064e-16,1.0,1,0
Bekasi,12,26.48,83.78,77.74,30.34,222.5,0.4984,1,bekasi,Kabupaten Bekasi,62450,49.01883830455259,0.0008006405124099,-2.4492935982947064e-16,1.0,1,0
Bekasi,12,26.48,83.78,77.74,30.34,222.5,0.4984,1,bekasi,Kota Bekasi,920,4.380952380952381,0.0217391304347826,-2.4492935982947064e-16,1.0,1,0
Bogor,12,23.98,86.87,73.93,27.03,399.9,0.7421,1,bogor,Kabupaten Bogor,938360,313.30884808013354,0.0089517882262671,-2.4492935982947064e-16,1.0,1,0
Bogor,12,23.98,86.87,73.93,27.03,399.9,0.7421,1,bogor,Kota Bogor,4600,38.983050847457626,0.0217391304347826,-2.4492935982947064e-16,1.0,1,0
Cianjur,12,23.12,88.36,72.62,25.58,383.6,0.7828,1,cianjur,Kabupaten Cianjur,611500,175.7183908045977,0.008176614881439,-2.4492935982947064e-16,1.0,1,0
Cirebon,12,26.3,85.01,77.59,29.86,303.3,0.5434,1,cirebon,Kabupaten Cirebon,239100,242.9878048780488,0.0020911752404851,-2.4492935982947064e-16,1.0,1,0
Cirebon,12,26.3,85.01,77.59,29.86,303.3,0.5434,1,cirebon,Kota Cirebon,1510,40.810810810810814,0.0066225165562913,-2.4492935982947064e-16,1.0,1,0
Garut,12,22.02,88.79,70.79,24.07,363.3,0.7836,0,garut,Kabupaten Garut,1371800,447.5693311582382,0.0182242309374544,-2.4492935982947064e-16,1.0,0,0
Indramayu,12,26.55,84.91,77.97,30.47,245.6,0.445,1,indramayu,Kabupaten Indramayu,175600,83.65888518342068,0.0005694760820045,-2.4492935982947064e-16,1.0,1,0
Karawang,12,26.51,83.75,77.77,29.56,226.0,0.5697,1,karawang,Kabupaten Karawang,107600,65.13317191283294,0.0009293680297397,-2.4492935982947064e-16,1.0,1,0
Kota Bandung,12,22.33,89.04,71.33,31.42,297.4,0.3723,0,bandung,Kabupaten Bandung,502000,283.9366515837104,0.0756972111553784,-2.4492935982947064e-16,1.0,0,0
Kota Bandung,12,22.33,89.04,71.33,31.42,297.4,0.3723,0,bandung,Kota Bandung,2340,13.928571428571429,0.017094017094017,-2.4492935982947064e-16,1.0,0,0
Kota Bogor,12,24.49,86.93,74.79,31.79,397.5,0.5197,1,bogor,Kabupaten Bogor,938360,313.30884808013354,0.0089517882262671,-2.4492935982947064e-16,1.0,1,0
Kota Bogor,12,24.49,86.93,74.79,31.79,397.5,0.5197,1,bogor,Kota Bogor,4600,38.983050847457626,0.0217391304347826,-2.4492935982947064e-16,1.0,1,0
Kota Cirebon,12,25.76,85.04,76.69,32.71,319.4,0.4675,1,cirebon,Kabupaten Cirebon,239100,242.9878048780488,0.0020911752404851,-2.4492935982947064e-16,1.0,1,0
Kota Cirebon,12,25.76,85.04,76.69,32.71,319.4,0.4675,1,cirebon,Kota Cirebon,1510,40.810810810810814,0.0066225165562913,-2.4492935982947064e-16,1.0,1,0
Kota Sukabumi,12,22.69,89.08,71.94,28.47,359.8,0.5976,0,sukabumi,Kabupaten Sukabumi,780220,187.462758289284,0.0026915485375919,-2.4492935982947064e-16,1.0,0,0
Kota Sukabumi,12,22.69,89.08,71.94,28.47,359.8,0.5976,0,sukabumi,Kota Sukabumi,3450,71.875,0.0144927536231884,-2.4492935982947064e-16,1.0,0,0
Kuningan,12,24.25,88.08,74.49,25.96,405.7,0.7627,1,kuningan,Kabupaten Kuningan,388700,347.9856759176365,0.0077180344738873,-2.4492935982947064e-16,1.0,1,0
Majalengka,12,24.38,88.05,74.7,27.54,362.1,0.619,1,majalengka,Kabupaten Majalengka,290500,241.27906976744185,0.0017211703958691,-2.4492935982947064e-16,1.0,1,0
Purwakarta,12,24.79,86.71,75.26,27.36,375.5,0.7206,1,purwakarta,Kabupaten Purwakarta,145250,176.06060606060606,0.0010327022375215,-2.4492935982947064e-16,1.0,1,0
Subang,12,25.42,85.89,76.22,28.95,311.4,0.5817,1,subang,Kabupaten Subang,206200,109.506107275624,0.0009699321047526,-2.4492935982947064e-16,1.0,1,0
Sukabumi,12,23.62,88.63,73.49,26.33,408.9,0.7843,1,sukabumi,Kabupaten Sukabumi,780220,187.462758289284,0.0026915485375919,-2.4492935982947064e-16,1.0,1,0
Sukabumi,12,23.62,88.63,73.49,26.33,408.9,0.7843,1,sukabumi,Kota Sukabumi,3450,71.875,0.0144927536231884,-2.4492935982947064e-16,1.0,1,0
Sumedang,12,23.5,89.17,73.32,26.29,382.2,0.7586,1,sumedang,Kabupaten Sumedang,286500,188.23915900131405,0.0069808027923211,-2.4492935982947064e-16,1.0,1,0
Kota Bekasi,12,26.34,83.75,77.5,32.63,207.0,0.3738,1,bekasi,Kabupaten Bekasi,62450,49.01883830455259,0.0008006405124099,-2.4492935982947064e-16,1.0,1,0
Kota Bekasi,12,26.34,83.75,77.5,32.63,207.0,0.3738,1,bekasi,Kota Bekasi,920,4.380952380952381,0.0217391304347826,-2.4492935982947064e-16,1.0,1,0
Kota Depok,12,25.84,85.04,76.83,27.61,324.4,0.45,1,depok,Kota Depok,610,3.05,0.0163934426229508,-2.4492935982947064e-16,1.0,1,0
