kab_kota,bulan,T_celsius,RH_persen,THI,LST_celsius,curah_hujan,NDVI,risk_category,clean_name,nama_wilayah,total_ternak,densitas_ternak,proporsi_sapi_perah,bulan_sin,bulan_cos
Bandung,1,21.45,89.79,69.89,26.46,244.2,0.6791,0,bandung,Kabupaten Bandung,502000,283.9366515837104,0.07569721115537849,0.49999999999999994,0.8660254037844387
Bandung,1,21.45,89.79,69.89,26.46,244.2,0.6791,0,bandung,Kota Bandung,2340,13.928571428571429,0.017094017094017096,0.49999999999999994,0.8660254037844387
Kota Cimahi,1,22.99,88.71,72.43,32.89,179.1,0.355,1,cimahi,Kota Cimahi,1140,28.5,0.02631578947368421,0.49999999999999994,0.8660254037844387
Kota Tasikmalaya,1,24.16,89.28,74.45,30.28,253.8,0.636,1,tasikmalaya,Kabupaten Tasikmalaya,751600,283.5156544700113,0.015965939329430547,0.49999999999999994,0.8660254037844387
Kota Tasikmalaya,1,24.16,89.28,74.45,30.28,253.8,0.636,1,tasikmalaya,Kota Tasikmalaya,16620,90.32608695652173,0.024067388688327317,0.49999999999999994,0.8660254037844387
Tasikmalaya,1,24.3,88.67,74.63,28.5,225.5,0.7797,1,tasikmalaya,Kabupaten Tasikmalaya,751600,283.5156544700113,0.015965939329430547,0.49999999999999994,0.8660254037844387
Tasikmalaya,1,24.3,88.67,74.63,28.5,225.5,0.7797,1,tasikmalaya,Kota Tasikmalaya,16620,90.32608695652173,0.024067388688327317,0.49999999999999994,0.8660254037844387
Ciamis,1,25.05,88.64,75.9,29.0,269.1,0.7451,1,ciamis,Kabupaten Ciamis,546900,381.64689462665734,0.007313951362223441,0.49999999999999994,0.8660254037844387
Kota Banjar,1,25.98,89.32,77.54,30.75,298.1,0.6688,1,banjar,Kota Banjar,10610,93.0701754385965,0.01885014137606032,0.49999999999999994,0.8660254037844387
Bekasi,1,26.73,85.29,78.33,30.25,242.7,0.374,1,bekasi,Kabupaten Bekasi,62450,49.01883830455259,0.0008006405124099279,0.49999999999999994,0.8660254037844387
Bekasi,1,26.73,85.29,78.33,30.25,242.7,0.374,1,bekasi,Kota Bekasi,920,4.380952380952381,0.021739130434782608,0.49999999999999994,0.8660254037844387
Bogor,1,24.32,87.71,74.58,26.8,321.2,0.6214,1,bogor,Kabupaten Bogor,938360,313.30884808013354,0.008951788226267104,0.49999999999999994,0.8660254037844387
Bogor,1,24.32,87.71,74.58,26.8,321.2,0.6214,1,bogor,Kota Bogor,4600,38.983050847457626,0.021739130434782608,0.49999999999999994,0.8660254037844387
Cianjur,1,23.41,89.46,73.2,27.8,245.4,0.7477,1,cianjur,Kabupaten Cianjur,611500,175.7183908045977,0.008176614881439084,0.49999999999999994,0.8660254037844387
Cirebon,1,26.46,86.89,78.06,30.44,345.8,0.5048,1,cirebon,Kabupaten Cirebon,239100,242.9878048780488,0.002091175240485153,0.49999999999999994,0.8660254037844387
Cirebon,1,26.46,86.89,78.06,30.44,345.8,0.5048,1,cirebon,Kota Cirebon,1510,40.810810810810814,0.006622516556291391,0.49999999999999994,0.8660254037844387
Garut,1,22.34,89.24,71.38,27.12,214.7,0.7625,0,garut,Kabupaten Garut,1371800,447.5693311582382,0.018224230937454438,0.49999999999999994,0.8660254037844387
Indramayu,1,26.66,86.97,78.41,30.83,276.4,0.3645,1,indramayu,Kabupaten Indramayu,175600,83.65888518342068,0.0005694760820045558,0.49999999999999994,0.8660254037844387
Karawang,1,26.68,85.63,78.29,29.95,233.9,0.4254,1,karawang,Kabupaten Karawang,107600,65.13317191283294,0.0009293680297397769,0.49999999999999994,0.8660254037844387
Kota Bandung,1,22.7,89.35,71.98,33.28,216.9,0.349,0,bandung,Kabupaten Bandung,502000,283.9366515837104,0.07569721115537849,0.49999999999999994,0.8660254037844387
Kota Bandung,1,22.7,89.35,71.98,33.28,216.9,0.349,0,bandung,Kota Bandung,2340,13.928571428571429,0.017094017094017096,0.49999999999999994,0.8660254037844387
Kota Bogor,1,24.83,87.75,75.43,28.54,341.9,0.5262,1,bogor,Kabupaten Bogor,938360,313.30884808013354,0.008951788226267104,0.49999999999999994,0.8660254037844387
Kota Bogor,1,24.83,87.75,75.43,28.54,341.9,0.5262,1,bogor,Kota Bogor,4600,38.983050847457626,0.021739130434782608,0.49999999999999994,0.8660254037844387
Kota Cirebon,1,25.93,86.92,77.18,34.7,359.0,0.4662,1,cirebon,Kabupaten Cirebon,239100,242.9878048780488,0.002091175240485153,0.49999999999999994,0.8660254037844387
Kota Cirebon,1,25.93,86.92,77.18,34.7,359.0,0.4662,1,cirebon,Kota Cirebon,1510,40.810810810810814,0.006622516556291391,0.49999999999999994,0.8660254037844387
Kota Sukabumi,1,23.01,90.16,72.59,32.14,303.3,0.5305,1,sukabumi,Kabupaten Sukabumi,780220,187.462758289284,0.002691548537591961,0.49999999999999994,0.8660254037844387
Kota Sukabumi,1,23.01,90.16,72.59,32.14,303.3,0.5305,1,sukabumi,Kota Sukabumi,3450,71.875,0.014492753623188406,0.49999999999999994,0.8660254037844387
Kuningan,1,24.53,89.56,75.11,29.44,346.5,0.7149,1,kuningan,Kabupaten Kuningan,388700,347.9856759176365,0.007718034473887317,0.49999999999999994,0.8660254037844387
Majalengka,1,24.62,89.38,75.25,28.42,341.4,0.6165,1,majalengka,Kabupaten Majalengka,290500,241.27906976744185,0.0017211703958691911,0.49999999999999994,0.8660254037844387
Purwakarta,1,25.0,87.71,75.72,29.74,265.9,0.4927,1,purwakarta,Kabupaten Purwakarta,145250,176.06060606060606,0.0010327022375215145,0.49999999999999994,0.8660254037844387
Subang,1,25.58,87.56,76.68,30.29,268.5,0.5054,1,subang,Kabupaten Subang,206200,109.506107275624,0.0009699321047526673,0.49999999999999994,0.8660254037844387
Sukabumi,1,23.95,89.89,74.15,28.31,276.9,0.7571,1,sukabumi,Kabupaten Sukabumi,780220,187.462758289284,0.002691548537591961,0.49999999999999994,0.8660254037844387
Sukabumi,1,23.95,89.89,74.15,28.31,276.9,0.7571,1,sukabumi,Kota Sukabumi,3450,71.875,0.014492753623188406,0.49999999999999994,0.8660254037844387
Sumedang,1,23.8,90.01,73.91,27.67,315.9,0.7052,1,sumedang,Kabupaten Sumedang,286500,188.23915900131405,0.006980802792321117,0.49999999999999994,0.8660254037844387
Kota Bekasi,1,26.62,85.06,78.11,38.68,260.1,0.248,1,bekasi,Kabupaten Bekasi,62450,49.01883830455259,0.0008006405124099279,0.49999999999999994,0.8660254037844387
Kota Bekasi,1,26.62,85.06,78.11,38.68,260.1,0.248,1,bekasi,Kota Bekasi,920,4.380952380952381,0.021739130434782608,0.49999999999999994,0.8660254037844387
Kota Depok,1,26.16,86.05,77.47,37.82,325.1,0.4319,1,depok,Kota Depok,610,3.05,0.01639344262295082,0.49999999999999994,0.8660254037844387
Bandung,2,21.59,89.9,70.14,26.58,267.9,0.7181,0,bandung,Kabupaten Bandung,502000,283.9366515837104,0.07569721115537849,0.8660254037844386,0.5000000000000001
Bandung,2,21.59,89.9,70.14,26.58,267.9,0.7181,0,bandung,Kota Bandung,2340,13.928571428571429,0.017094017094017096,0.8660254037844386,0.5000000000000001
Kota Cimahi,2,22.98,89.66,72.49,35.72,160.9,0.3623,1,cimahi,Kota Cimahi,1140,28.5,0.02631578947368421,0.8660254037844386,0.5000000000000001
Kota Tasikmalaya,2,24.36,89.33,74.8,28.55,315.0,0.6714,1,tasikmalaya,Kabupaten Tasikmalaya,751600,283.5156544700113,0.015965939329430547,0.8660254037844386,0.5000000000000001
Kota Tasikmalaya,2,24.36,89.33,74.8,28.55,315.0,0.6714,1,tasikmalaya,Kota Tasikmalaya,16620,90.32608695652173,0.024067388688327317,0.8660254037844386,0.5000000000000001
Tasikmalaya,2,24.6,88.26,75.1,27.72,256.1,0.8002,1,tasikmalaya,Kabupaten Tasikmalaya,751600,283.5156544700113,0.015965939329430547,0.8660254037844386,0.5000000000000001
Tasikmalaya,2,24.6,88.26,75.1,27.72,256.1,0.8002,1,tasikmalaya,Kota Tasikmalaya,16620,90.32608695652173,0.024067388688327317,0.8660254037844386,0.5000000000000001
Ciamis,2,25.36,87.86,76.34,28.08,288.5,0.7708,1,ciamis,Kabupaten Ciamis,546900,381.64689462665734,0.007313951362223441,0.8660254037844386,0.5000000000000001
Kota Banjar,2,26.3,88.4,77.97,30.08,335.0,0.7299,1,banjar,Kota Banjar,10610,93.0701754385965,0.01885014137606032,0.8660254037844386,0.5000000000000001
Bekasi,2,26.77,86.2,78.51,29.94,235.2,0.4577,1,bekasi,Kabupaten Bekasi,62450,49.01883830455259,0.0008006405124099279,0.8660254037844386,0.5000000000000001
Bekasi,2,26.77,86.2,78.51,29.94,235.2,0.4577,1,bekasi,Kota Bekasi,920,4.380952380952381,0.021739130434782608,0.8660254037844386,0.5000000000000001
Bogor,2,24.39,87.97,74.72,29.3,321.8,0.6867,1,bogor,Kabupaten Bogor,938360,313.30884808013354,0.008951788226267104,0.8660254037844386,0.5000000000000001
Bogor,2,24.39,87.97,74.72,29.3,321.8,0.6867,1,bogor,Kota Bogor,4600,38.983050847457626,0.021739130434782608,0.8660254037844386,0.5000000000000001
Cianjur,2,23.72,88.6,73.66,27.12,271.2,0.7761,1,cianjur,Kabupaten Cianjur,611500,175.7183908045977,0.008176614881439084,0.8660254037844386,0.5000000000000001
Cirebon,2,26.64,86.81,78.37,30.95,260.0,0.584,1,cirebon,Kabupaten Cirebon,239100,242.9878048780488,0.002091175240485153,0.8660254037844386,0.5000000000000001
Cirebon,2,26.64,86.81,78.37,30.95,260.0,0.584,1,cirebon,Kota Cirebon,1510,40.810810810810814,0.006622516556291391,0.8660254037844386,0.5000000000000001
Garut,2,22.63,89.19,71.87,26.2,251.6,0.784,0,garut,Kabupaten Garut,1371800,447.5693311582382,0.018224230937454438,0.8660254037844386,0.5000000000000001
Indramayu,2,26.84,86.82,78.69,30.24,192.4,0.5076,1,indramayu,Kabupaten Indramayu,175600,83.65888518342068,0.0005694760820045558,0.8660254037844386,0.5000000000000001
Karawang,2,26.71,86.7,78.47,29.6,220.3,0.4754,1,karawang,Kabupaten Karawang,107600,65.13317191283294,0.0009293680297397769,0.8660254037844386,0.5000000000000001
Kota Bandung,2,22.69,90.24,72.05,35.19,185.9,0.3672,1,bandung,Kabupaten Bandung,502000,283.9366515837104,0.07569721115537849,0.8660254037844386,0.5000000000000001
Kota Bandung,2,22.69,90.24,72.05,35.19,185.9,0.3672,1,bandung,Kota Bandung,2340,13.928571428571429,0.017094017094017096,0.8660254037844386,0.5000000000000001
Kota Bogor,2,24.89,88.03,75.57,35.02,361.4,0.4951,1,bogor,Kabupaten Bogor,938360,313.30884808013354,0.008951788226267104,0.8660254037844386,0.5000000000000001
Kota Bogor,2,24.89,88.03,75.57,35.02,361.4,0.4951,1,bogor,Kota Bogor,4600,38.983050847457626,0.021739130434782608,0.8660254037844386,0.5000000000000001
Kota Cirebon,2,26.1,86.85,77.47,31.0,265.7,0.4635,1,cirebon,Kabupaten Cirebon,239100,242.9878048780488,0.002091175240485153,0.8660254037844386,0.5000000000000001
Kota Cirebon,2,26.1,86.85,77.47,31.0,265.7,0.4635,1,cirebon,Kota Cirebon,1510,40.810810810810814,0.006622516556291391,0.8660254037844386,0.5000000000000001
Kota Sukabumi,2,23.33,88.91,73.02,32.14,301.9,0.5771,1,sukabumi,Kabupaten Sukabumi,780220,187.462758289284,0.002691548537591961,0.8660254037844386,0.5000000000000001
Kota Sukabumi,2,23.33,88.91,73.02,32.14,301.9,0.5771,1,sukabumi,Kota Sukabumi,3450,71.875,0.014492753623188406,0.8660254037844386,0.5000000000000001
Kuningan,2,24.77,89.31,75.5,28.32,354.9,0.761,1,kuningan,Kabupaten Kuningan,388700,347.9856759176365,0.007718034473887317,0.8660254037844386,0.5000000000000001
Majalengka,2,24.74,89.92,75.51,28.44,305.9,0.7526,1,majalengka,Kabupaten Majalengka,290500,241.27906976744185,0.0017211703958691911,0.8660254037844386,0.5000000000000001
Purwakarta,2,25.05,88.84,75.92,27.87,294.6,0.6861,1,purwakarta,Kabupaten Purwakarta,145250,176.06060606060606,0.0010327022375215145,0.8660254037844386,0.5000000000000001
Subang,2,25.67,88.17,76.89,29.28,249.2,0.6473,1,subang,Kabupaten Subang,206200,109.506107275624,0.0009699321047526673,0.8660254037844386,0.5000000000000001
Sukabumi,2,24.34,88.45,74.69,27.8,260.9,0.7571,1,sukabumi,Kabupaten Sukabumi,780220,187.462758289284,0.002691548537591961,0.8660254037844386,0.5000000000000001
Sukabumi,2,24.34,88.45,74.69,27.8,260.9,0.7571,1,sukabumi,Kota Sukabumi,3450,71.875,0.014492753623188406,0.8660254037844386,0.5000000000000001
Sumedang,2,23.86,90.69,74.09,27.9,298.7,0.7688,1,sumedang,Kabupaten Sumedang,286500,188.23915900131405,0.006980802792321117,0.8660254037844386,0.5000000000000001
Kota Bekasi,2,26.65,85.96,78.27,0.0,249.7,0.3243,1,bekasi,Kabupaten Bekasi,62450,49.01883830455259,0.0008006405124099279,0.8660254037844386,0.5000000000000001
Kota Bekasi,2,26.65,85.96,78.27,0.0,249.7,0.3243,1,bekasi,Kota Bekasi,920,4.380952380952381,0.021739130434782608,0.8660254037844386,0.5000000000000001
Kota Depok,2,26.17,86.86,77.57,36.67,281.9,0.4324,1,depok,Kota Depok,610,3.05,0.01639344262295082,0.8660254037844386,0.5000000000000001
Bandung,3,21.56,89.21,70.06,27.35,248.5,0.735,0,bandung,Kabupaten Bandung,502000,283.9366515837104,0.07569721115537849,1.0,6.123233995736766e-17
Bandung,3,21.56,89.21,70.06,27.35,248.5,0.735,0,bandung,Kota Bandung,2340,13.928571428571429,0.017094017094017096,1.0,6.123233995736766e-17
Kota Cimahi,3,23.0,88.6,72.43,35.15,164.6,0.3488,1,cimahi,Kota Cimahi,1140,28.5,0.02631578947368421,1.0,6.123233995736766e-17
Kota Tasikmalaya,3,24.29,89.5,74.7,30.17,304.1,0.6705,1,tasikmalaya,Kabupaten Tasikmalaya,751600,283.5156544700113,0.015965939329430547,1.0,6.123233995736766e-17
Kota Tasikmalaya,3,24.29,89.5,74.7,30.17,304.1,0.6705,1,tasikmalaya,Kota Tasikmalaya,16620,90.32608695652173,0.024067388688327317,1.0,6.123233995736766e-17
Tasikmalaya,3,24.53,88.35,75.0,27.96,267.8,0.8192,1,tasikmalaya,Kabupaten Tasikmalaya,751600,283.5156544700113,0.015965939329430547,1.0,6.123233995736766e-17
Tasikmalaya,3,24.53,88.35,75.0,27.96,267.8,0.8192,1,tasikmalaya,Kota Tasikmalaya,16620,90.32608695652173,0.024067388688327317,1.0,6.123233995736766e-17
Ciamis,3,25.3,87.98,76.25,28.53,281.3,0.8061,1,ciamis,Kabupaten Ciamis,546900,381.64689462665734,0.007313951362223441,1.0,6.123233995736766e-17
Kota Banjar,3,26.21,88.63,77.86,30.56,288.9,0.7542,1,banjar,Kota Banjar,10610,93.0701754385965,0.01885014137606032,1.0,6.123233995736766e-17
Bekasi,3,26.88,84.71,78.5,32.58,205.0,0.5211,1,bekasi,Kabupaten Bekasi,62450,49.01883830455259,0.0008006405124099279,1.0,6.123233995736766e-17
Bekasi,3,26.88,84.71,78.5,32.58,205.0,0.5211,1,bekasi,Kota Bekasi,920,4.380952380952381,0.021739130434782608,1.0,6.123233995736766e-17
Bogor,3,24.34,87.88,74.62,29.92,307.9,0.7309,1,bogor,Kabupaten Bogor,938360,313.30884808013354,0.008951788226267104,1.0,6.123233995736766e-17
Bogor,3,24.34,87.88,74.62,29.92,307.9,0.7309,1,bogor,Kota Bogor,4600,38.983050847457626,0.021739130434782608,1.0,6.123233995736766e-17
Cianjur,3,23.6,88.32,73.43,27.38,253.8,0.787,1,cianjur,Kabupaten Cianjur,611500,175.7183908045977,0.008176614881439084,1.0,6.123233995736766e-17
Cirebon,3,26.7,85.94,78.35,31.37,259.4,0.6642,1,cirebon,Kabupaten Cirebon,239100,242.9878048780488,0.002091175240485153,1.0,6.123233995736766e-17
Cirebon,3,26.7,85.94,78.35,31.37,259.4,0.6642,1,cirebon,Kota Cirebon,1510,40.810810810810814,0.006622516556291391,1.0,6.123233995736766e-17
Garut,3,22.64,88.4,71.81,26.49,272.8,0.8063,0,garut,Kabupaten Garut,1371800,447.5693311582382,0.018224230937454438,1.0,6.123233995736766e-17
Indramayu,3,26.87,85.69,78.61,29.49,205.4,0.6904,1,indramayu,Kabupaten Indramayu,175600,83.65888518342068,0.0005694760820045558,1.0,6.123233995736766e-17
Karawang,3,26.79,85.36,78.43,31.27,199.9,0.5006,1,karawang,Kabupaten Karawang,107600,65.13317191283294,0.0009293680297397769,1.0,6.123233995736766e-17
Kota Bandung,3,22.73,88.86,72.0,35.55,180.6,0.3716,1,bandung,Kabupaten Bandung,502000,283.9366515837104,0.07569721115537849,1.0,6.123233995736766e-17
Kota Bandung,3,22.73,88.86,72.0,35.55,180.6,0.3716,1,bandung,Kota Bandung,2340,13.928571428571429,0.017094017094017096,1.0,6.123233995736766e-17
Kota Bogor,3,24.8,88.11,75.42,34.8,308.5,0.5124,1,bogor,Kabupaten Bogor,938360,313.30884808013354,0.008951788226267104,1.0,6.123233995736766e-17
Kota Bogor,3,24.8,88.11,75.42,34.8,308.5,0.5124,1,bogor,Kota Bogor,4600,38.983050847457626,0.021739130434782608,1.0,6.123233995736766e-17
Kota Cirebon,3,26.19,85.8,77.49,34.48,261.5,0.4824,1,cirebon,Kabupaten Cirebon,239100,242.9878048780488,0.002091175240485153,1.0,6.123233995736766e-17
Kota Cirebon,3,26.19,85.8,77.49,34.48,261.5,0.4824,1,cirebon,Kota Cirebon,1510,40.810810810810814,0.006622516556291391,1.0,6.123233995736766e-17
Kota Sukabumi,3,23.13,89.41,72.72,30.22,262.8,0.5988,1,sukabumi,Kabupaten Sukabumi,780220,187.462758289284,0.002691548537591961,1.0,6.123233995736766e-17
Kota Sukabumi,3,23.13,89.41,72.72,30.22,262.8,0.5988,1,sukabumi,Kota Sukabumi,3450,71.875,0.014492753623188406,1.0,6.123233995736766e-17
Kuningan,3,24.71,89.08,75.36,28.27,325.6,0.7996,1,kuningan,Kabupaten Kuningan,388700,347.9856759176365,0.007718034473887317,1.0,6.123233995736766e-17
Majalengka,3,24.76,88.75,75.43,29.42,294.9,0.7369,1,majalengka,Kabupaten Majalengka,290500,241.27906976744185,0.0017211703958691911,1.0,6.123233995736766e-17
Purwakarta,3,25.03,87.86,75.77,29.26,269.5,0.7348,1,purwakarta,Kabupaten Purwakarta,145250,176.06060606060606,0.0010327022375215145,1.0,6.123233995736766e-17
Subang,3,25.68,87.08,76.78,29.57,236.2,0.7174,1,subang,Kabupaten Subang,206200,109.506107275624,0.0009699321047526673,1.0,6.123233995736766e-17
Sukabumi,3,24.11,88.83,74.33,27.14,283.9,0.7881,1,sukabumi,Kabupaten Sukabumi,780220,187.462758289284,0.002691548537591961,1.0,6.123233995736766e-17
Sukabumi,3,24.11,88.83,74.33,27.14,283.9,0.7881,1,sukabumi,Kota Sukabumi,3450,71.875,0.014492753623188406,1.0,6.123233995736766e-17
Sumedang,3,23.89,89.39,74.02,28.41,298.9,0.7859,1,sumedang,Kabupaten Sumedang,286500,188.23915900131405,0.006980802792321117,1.0,6.123233995736766e-17
Kota Bekasi,3,26.77,84.37,78.28,36.78,218.7,0.3811,1,bekasi,Kabupaten Bekasi,62450,49.01883830455259,0.0008006405124099279,1.0,6.123233995736766e-17
Kota Bekasi,3,26.77,84.37,78.28,36.78,218.7,0.3811,1,bekasi,Kota Bekasi,920,4.380952380952381,0.021739130434782608,1.0,6.123233995736766e-17
Kota Depok,3,26.24,85.71,77.56,36.21,233.9,0.4622,1,depok,Kota Depok,610,3.05,0.01639344262295082,1.0,6.123233995736766e-17
Bandung,4,22.11,89.35,70.99,26.8,438.4,0.7203,0,bandung,Kabupaten Bandung,502000,283.9366515837104,0.07569721115537849,0.8660254037844387,-0.4999999999999998
Bandung,4,22.11,89.35,70.99,26.8,438.4,0.7203,0,bandung,Kota Bandung,2340,13.928571428571429,0.017094017094017096,0.8660254037844387,-0.4999999999999998
Kota Cimahi,4,23.55,88.97,73.39,34.07,374.0,0.3549,1,cimahi,Kota Cimahi,1140,28.5,0.02631578947368421,0.8660254037844387,-0.4999999999999998
Kota Tasikmalaya,4,24.54,90.56,75.23,31.18,415.7,0.6822,1,tasikmalaya,Kabupaten Tasikmalaya,751600,283.5156544700113,0.015965939329430547,0.8660254037844387,-0.4999999999999998
Kota Tasikmalaya,4,24.54,90.56,75.23,31.18,415.7,0.6822,1,tasikmalaya,Kota Tasikmalaya,16620,90.32608695652173,0.024067388688327317,0.8660254037844387,-0.4999999999999998
Tasikmalaya,4,24.72,89.76,75.46,28.04,364.5,0.8143,1,tasikmalaya,Kabupaten Tasikmalaya,751600,283.5156544700113,0.015965939329430547,0.8660254037844387,-0.4999999999999998
Tasikmalaya,4,24.72,89.76,75.46,28.04,364.5,0.8143,1,tasikmalaya,Kota Tasikmalaya,16620,90.32608695652173,0.024067388688327317,0.8660254037844387,-0.4999999999999998
Ciamis,4,25.46,89.2,76.64,28.69,357.2,0.808,1,ciamis,Kabupaten Ciamis,546900,381.64689462665734,0.007313951362223441,0.8660254037844387,-0.4999999999999998
Kota Banjar,4,26.38,89.3,78.22,30.72,357.7,0.7258,1,banjar,Kota Banjar,10610,93.0701754385965,0.01885014137606032,0.8660254037844387,-0.4999999999999998
Bekasi,4,27.35,86.21,79.46,33.05,229.7,0.5355,2,bekasi,Kabupaten Bekasi,62450,49.01883830455259,0.0008006405124099279,0.8660254037844387,-0.4999999999999998
Bekasi,4,27.35,86.21,79.46,33.05,229.7,0.5355,2,bekasi,Kota Bekasi,920,4.380952380952381,0.021739130434782608,0.8660254037844387,-0.4999999999999998
Bogor,4,24.94,88.06,75.65,29.84,535.1,0.7259,1,bogor,Kabupaten Bogor,938360,313.30884808013354,0.008951788226267104,0.8660254037844387,-0.4999999999999998
Bogor,4,24.94,88.06,75.65,29.84,535.1,0.7259,1,bogor,Kota Bogor,4600,38.983050847457626,0.021739130434782608,0.8660254037844387,-0.4999999999999998
Cianjur,4,24.09,89.38,74.35,27.82,437.8,0.7797,1,cianjur,Kabupaten Cianjur,611500,175.7183908045977,0.008176614881439084,0.8660254037844387,-0.4999999999999998
Cirebon,4,27.29,84.81,79.19,32.0,255.1,0.6563,2,cirebon,Kabupaten Cirebon,239100,242.9878048780488,0.002091175240485153,0.8660254037844387,-0.4999999999999998
Cirebon,4,27.29,84.81,79.19,32.0,255.1,0.6563,2,cirebon,Kota Cirebon,1510,40.810810810810814,0.006622516556291391,0.8660254037844387,-0.4999999999999998
Garut,4,22.96,89.4,72.44,27.0,366.2,0.7981,1,garut,Kabupaten Garut,1371800,447.5693311582382,0.018224230937454438,0.8660254037844387,-0.4999999999999998
Indramayu,4,27.49,85.42,79.6,30.21,206.7,0.685,2,indramayu,Kabupaten Indramayu,175600,83.65888518342068,0.0005694760820045558,0.8660254037844387,-0.4999999999999998
Karawang,4,27.3,86.55,79.43,31.66,217.9,0.5394,2,karawang,Kabupaten Karawang,107600,65.13317191283294,0.0009293680297397769,0.8660254037844387,-0.4999999999999998
Kota Bandung,4,23.25,89.29,72.91,33.89,385.3,0.3773,1,bandung,Kabupaten Bandung,502000,283.9366515837104,0.07569721115537849,0.8660254037844387,-0.4999999999999998
Kota Bandung,4,23.25,89.29,72.91,33.89,385.3,0.3773,1,bandung,Kota Bandung,2340,13.928571428571429,0.017094017094017096,0.8660254037844387,-0.4999999999999998
Kota Bogor,4,25.49,88.09,76.57,34.99,631.3,0.5053,1,bogor,Kabupaten Bogor,938360,313.30884808013354,0.008951788226267104,0.8660254037844387,-0.4999999999999998
Kota Bogor,4,25.49,88.09,76.57,34.99,631.3,0.5053,1,bogor,Kota Bogor,4600,38.983050847457626,0.021739130434782608,0.8660254037844387,-0.4999999999999998
Kota Cirebon,4,26.75,84.5,78.27,35.6,250.8,0.4839,1,cirebon,Kabupaten Cirebon,239100,242.9878048780488,0.002091175240485153,0.8660254037844387,-0.4999999999999998
Kota Cirebon,4,26.75,84.5,78.27,35.6,250.8,0.4839,1,cirebon,Kota Cirebon,1510,40.810810810810814,0.006622516556291391,0.8660254037844387,-0.4999999999999998
Kota Sukabumi,4,23.83,89.06,73.88,32.81,529.9,0.5776,1,sukabumi,Kabupaten Sukabumi,780220,187.462758289284,0.002691548537591961,0.8660254037844387,-0.4999999999999998
Kota Sukabumi,4,23.83,89.06,73.88,32.81,529.9,0.5776,1,sukabumi,Kota Sukabumi,3450,71.875,0.014492753623188406,0.8660254037844387,-0.4999999999999998
Kuningan,4,25.15,88.24,76.03,29.2,332.6,0.7883,1,kuningan,Kabupaten Kuningan,388700,347.9856759176365,0.007718034473887317,0.8660254037844387,-0.4999999999999998
Majalengka,4,25.38,87.85,76.36,29.95,306.2,0.684,1,majalengka,Kabupaten Majalengka,290500,241.27906976744185,0.0017211703958691911,0.8660254037844387,-0.4999999999999998
Purwakarta,4,25.57,88.44,76.76,28.94,415.6,0.7214,1,purwakarta,Kabupaten Purwakarta,145250,176.06060606060606,0.0010327022375215145,0.8660254037844387,-0.4999999999999998
Subang,4,26.26,87.46,77.81,30.1,311.9,0.6891,1,subang,Kabupaten Subang,206200,109.506107275624,0.0009699321047526673,0.8660254037844387,-0.4999999999999998
Sukabumi,4,24.73,89.21,75.42,27.59,439.8,0.795,1,sukabumi,Kabupaten Sukabumi,780220,187.462758289284,0.002691548537591961,0.8660254037844387,-0.4999999999999998
Sukabumi,4,24.73,89.21,75.42,27.59,439.8,0.795,1,sukabumi,Kota Sukabumi,3450,71.875,0.014492753623188406,0.8660254037844387,-0.4999999999999998
Sumedang,4,24.44,89.19,74.92,27.97,366.3,0.7682,1,sumedang,Kabupaten Sumedang,286500,188.23915900131405,0.006980802792321117,0.8660254037844387,-0.4999999999999998
Kota Bekasi,4,27.23,86.11,79.26,36.59,233.9,0.3909,2,bekasi,Kabupaten Bekasi,62450,49.01883830455259,0.0008006405124099279,0.8660254037844387,-0.4999999999999998
Kota Bekasi,4,27.23,86.11,79.26,36.59,233.9,0.3909,2,bekasi,Kota Bekasi,920,4.380952380952381,0.021739130434782608,0.8660254037844387,-0.4999999999999998
Kota Depok,4,26.73,87.19,78.55,36.34,428.0,0.465,1,depok,Kota Depok,610,3.05,0.01639344262295082,0.8660254037844387,-0.4999999999999998
Bandung,5,22.15,86.17,70.81,25.86,50.9,0.7194,0,bandung,Kabupaten Bandung,502000,283.9366515837104,0.07569721115537849,0.49999999999999994,-0.8660254037844387
Bandung,5,22.15,86.17,70.81,25.86,50.9,0.7194,0,bandung,Kota Bandung,2340,13.928571428571429,0.017094017094017096,0.49999999999999994,-0.8660254037844387
Kota Cimahi,5,23.61,86.44,73.27,32.68,37.7,0.3529,1,cimahi,Kota Cimahi,1140,28.5,0.02631578947368421,0.49999999999999994,-0.8660254037844387
Kota Tasikmalaya,5,23.86,88.94,73.93,27.68,72.6,0.658,1,tasikmalaya,Kabupaten Tasikmalaya,751600,283.5156544700113,0.015965939329430547,0.49999999999999994,-0.8660254037844387
Kota Tasikmalaya,5,23.86,88.94,73.93,27.68,72.6,0.658,1,tasikmalaya,Kota Tasikmalaya,16620,90.32608695652173,0.024067388688327317,0.49999999999999994,-0.8660254037844387
Tasikmalaya,5,24.14,88.1,74.31,25.91,65.7,0.8147,1,tasikmalaya,Kabupaten Tasikmalaya,751600,283.5156544700113,0.015965939329430547,0.49999999999999994,-0.8660254037844387
Tasikmalaya,5,24.14,88.1,74.31,25.91,65.7,0.8147,1,tasikmalaya,Kota Tasikmalaya,16620,90.32608695652173,0.024067388688327317,0.49999999999999994,-0.8660254037844387
Ciamis,5,24.86,87.78,75.5,26.73,69.1,0.7921,1,ciamis,Kabupaten Ciamis,546900,381.64689462665734,0.007313951362223441,0.49999999999999994,-0.8660254037844387
Kota Banjar,5,25.75,88.03,77.01,28.86,63.8,0.6825,1,banjar,Kota Banjar,10610,93.0701754385965,0.01885014137606032,0.49999999999999994,-0.8660254037844387
Bekasi,5,27.71,81.55,79.45,32.12,53.1,0.5431,2,bekasi,Kabupaten Bekasi,62450,49.01883830455259,0.0008006405124099279,0.49999999999999994,-0.8660254037844387
Bekasi,5,27.71,81.55,79.45,32.12,53.1,0.5431,2,bekasi,Kota Bekasi,920,4.380952380952381,0.021739130434782608,0.49999999999999994,-0.8660254037844387
Bogor,5,25.15,84.68,75.65,28.5,144.4,0.7337,1,bogor,Kabupaten Bogor,938360,313.30884808013354,0.008951788226267104,0.49999999999999994,-0.8660254037844387
Bogor,5,25.15,84.68,75.65,28.5,144.4,0.7337,1,bogor,Kota Bogor,4600,38.983050847457626,0.021739130434782608,0.49999999999999994,-0.8660254037844387
Cianjur,5,24.05,87.05,74.06,26.89,74.6,0.783,1,cianjur,Kabupaten Cianjur,611500,175.7183908045977,0.008176614881439084,0.49999999999999994,-0.8660254037844387
Cirebon,5,27.5,78.27,78.7,30.47,65.5,0.6353,1,cirebon,Kabupaten Cirebon,239100,242.9878048780488,0.002091175240485153,0.49999999999999994,-0.8660254037844387
Cirebon,5,27.5,78.27,78.7,30.47,65.5,0.6353,1,cirebon,Kota Cirebon,1510,40.810810810810814,0.006622516556291391,0.49999999999999994,-0.8660254037844387
Garut,5,22.66,86.74,71.72,25.41,62.7,0.7966,0,garut,Kabupaten Garut,1371800,447.5693311582382,0.018224230937454438,0.49999999999999994,-0.8660254037844387
Indramayu,5,28.04,75.38,79.16,31.11,63.8,0.5867,2,indramayu,Kabupaten Indramayu,175600,83.65888518342068,0.0005694760820045558,0.49999999999999994,-0.8660254037844387
Karawang,5,27.75,80.98,79.45,30.55,53.3,0.6243,2,karawang,Kabupaten Karawang,107600,65.13317191283294,0.0009293680297397769,0.49999999999999994,-0.8660254037844387
Kota Bandung,5,23.39,85.74,72.84,32.48,37.3,0.3728,1,bandung,Kabupaten Bandung,502000,283.9366515837104,0.07569721115537849,0.49999999999999994,-0.8660254037844387
Kota Bandung,5,23.39,85.74,72.84,32.48,37.3,0.3728,1,bandung,Kota Bandung,2340,13.928571428571429,0.017094017094017096,0.49999999999999994,-0.8660254037844387
Kota Bogor,5,25.68,85.05,76.57,32.5,170.6,0.5239,1,bogor,Kabupaten Bogor,938360,313.30884808013354,0.008951788226267104,0.49999999999999994,-0.8660254037844387
Kota Bogor,5,25.68,85.05,76.57,32.5,170.6,0.5239,1,bogor,Kota Bogor,4600,38.983050847457626,0.021739130434782608,0.49999999999999994,-0.8660254037844387
Kota Cirebon,5,26.9,78.49,77.76,32.65,60.2,0.4855,1,cirebon,Kabupaten Cirebon,239100,242.9878048780488,0.002091175240485153,0.49999999999999994,-0.8660254037844387
Kota Cirebon,5,26.9,78.49,77.76,32.65,60.2,0.4855,1,cirebon,Kota Cirebon,1510,40.810810810810814,0.006622516556291391,0.49999999999999994,-0.8660254037844387
Kota Sukabumi,5,23.89,86.66,73.76,30.55,110.4,0.5574,1,sukabumi,Kabupaten Sukabumi,780220,187.462758289284,0.002691548537591961,0.49999999999999994,-0.8660254037844387
Kota Sukabumi,5,23.89,86.66,73.76,30.55,110.4,0.5574,1,sukabumi,Kota Sukabumi,3450,71.875,0.014492753623188406,0.49999999999999994,-0.8660254037844387
Kuningan,5,24.95,84.04,75.25,26.8,87.1,0.7751,1,kuningan,Kabupaten Kuningan,388700,347.9856759176365,0.007718034473887317,0.49999999999999994,-0.8660254037844387
Majalengka,5,25.49,81.16,75.82,29.04,52.7,0.6766,1,majalengka,Kabupaten Majalengka,290500,241.27906976744185,0.0017211703958691911,0.49999999999999994,-0.8660254037844387
Purwakarta,5,25.93,83.22,76.77,28.91,62.5,0.7203,1,purwakarta,Kabupaten Purwakarta,145250,176.06060606060606,0.0010327022375215145,0.49999999999999994,-0.8660254037844387
Subang,5,26.74,79.92,77.69,30.26,55.6,0.6486,1,subang,Kabupaten Subang,206200,109.506107275624,0.0009699321047526673,0.49999999999999994,-0.8660254037844387
Sukabumi,5,24.73,87.13,75.21,26.93,106.6,0.7906,1,sukabumi,Kabupaten Sukabumi,780220,187.462758289284,0.002691548537591961,0.49999999999999994,-0.8660254037844387
Sukabumi,5,24.73,87.13,75.21,26.93,106.6,0.7906,1,sukabumi,Kota Sukabumi,3450,71.875,0.014492753623188406,0.49999999999999994,-0.8660254037844387
Sumedang,5,24.63,82.71,74.59,27.81,57.8,0.763,1,sumedang,Kabupaten Sumedang,286500,188.23915900131405,0.006980802792321117,0.49999999999999994,-0.8660254037844387
Kota Bekasi,5,27.6,81.22,79.23,35.38,53.8,0.3826,2,bekasi,Kabupaten Bekasi,62450,49.01883830455259,0.0008006405124099279,0.49999999999999994,-0.8660254037844387
Kota Bekasi,5,27.6,81.22,79.23,35.38,53.8,0.3826,2,bekasi,Kota Bekasi,920,4.380952380952381,0.021739130434782608,0.49999999999999994,-0.8660254037844387
Kota Depok,5,27.02,82.74,78.49,34.69,90.1,0.4725,1,depok,Kota Depok,610,3.05,0.01639344262295082,0.49999999999999994,-0.8660254037844387
Bandung,6,21.49,85.45,69.67,24.62,83.5,0.7248,0,bandung,Kabupaten Bandung,502000,283.9366515837104,0.07569721115537849,1.2246467991473532e-16,-1.0
Bandung,6,21.49,85.45,69.67,24.62,83.5,0.7248,0,bandung,Kota Bandung,2340,13.928571428571429,0.017094017094017096,1.2246467991473532e-16,-1.0
Kota Cimahi,6,22.97,85.32,72.11,31.07,50.3,0.3492,1,cimahi,Kota Cimahi,1140,28.5,0.02631578947368421,1.2246467991473532e-16,-1.0
Kota Tasikmalaya,6,23.54,89.47,73.43,25.67,102.5,0.6591,1,tasikmalaya,Kabupaten Tasikmalaya,751600,283.5156544700113,0.015965939329430547,1.2246467991473532e-16,-1.0
Kota Tasikmalaya,6,23.54,89.47,73.43,25.67,102.5,0.6591,1,tasikmalaya,Kota Tasikmalaya,16620,90.32608695652173,0.024067388688327317,1.2246467991473532e-16,-1.0
Tasikmalaya,6,23.79,88.63,73.78,24.4,116.2,0.8086,1,tasikmalaya,Kabupaten Tasikmalaya,751600,283.5156544700113,0.015965939329430547,1.2246467991473532e-16,-1.0
Tasikmalaya,6,23.79,88.63,73.78,24.4,116.2,0.8086,1,tasikmalaya,Kota Tasikmalaya,16620,90.32608695652173,0.024067388688327317,1.2246467991473532e-16,-1.0
Ciamis,6,24.61,87.39,75.03,25.95,109.8,0.7667,1,ciamis,Kabupaten Ciamis,546900,381.64689462665734,0.007313951362223441,1.2246467991473532e-16,-1.0
Kota Banjar,6,25.51,87.33,76.54,28.01,71.2,0.6656,1,banjar,Kota Banjar,10610,93.0701754385965,0.01885014137606032,1.2246467991473532e-16,-1.0
Bekasi,6,26.83,82.98,78.2,31.74,84.3,0.5237,1,bekasi,Kabupaten Bekasi,62450,49.01883830455259,0.0008006405124099279,1.2246467991473532e-16,-1.0
Bekasi,6,26.83,82.98,78.2,31.74,84.3,0.5237,1,bekasi,Kota Bekasi,920,4.380952380952381,0.021739130434782608,1.2246467991473532e-16,-1.0
Bogor,6,24.41,84.82,74.44,27.68,174.7,0.7359,1,bogor,Kabupaten Bogor,938360,313.30884808013354,0.008951788226267104,1.2246467991473532e-16,-1.0
Bogor,6,24.41,84.82,74.44,27.68,174.7,0.7359,1,bogor,Kota Bogor,4600,38.983050847457626,0.021739130434782608,1.2246467991473532e-16,-1.0
Cianjur,6,23.44,86.72,73.01,25.57,181.3,0.7949,1,cianjur,Kabupaten Cianjur,611500,175.7183908045977,0.008176614881439084,1.2246467991473532e-16,-1.0
Cirebon,6,27.02,78.54,77.96,30.06,84.2,0.5747,1,cirebon,Kabupaten Cirebon,239100,242.9878048780488,0.002091175240485153,1.2246467991473532e-16,-1.0
Cirebon,6,27.02,78.54,77.96,30.06,84.2,0.5747,1,cirebon,Kota Cirebon,1510,40.810810810810814,0.006622516556291391,1.2246467991473532e-16,-1.0
Garut,6,22.2,86.77,70.94,24.26,122.4,0.8028,0,garut,Kabupaten Garut,1371800,447.5693311582382,0.018224230937454438,1.2246467991473532e-16,-1.0
Indramayu,6,27.44,76.02,78.3,30.79,66.0,0.4668,1,indramayu,Kabupaten Indramayu,175600,83.65888518342068,0.0005694760820045558,1.2246467991473532e-16,-1.0
Karawang,6,26.81,82.98,78.17,30.03,78.6,0.6025,1,karawang,Kabupaten Karawang,107600,65.13317191283294,0.0009293680297397769,1.2246467991473532e-16,-1.0
Kota Bandung,6,22.8,83.97,71.71,31.13,60.7,0.3684,0,bandung,Kabupaten Bandung,502000,283.9366515837104,0.07569721115537849,1.2246467991473532e-16,-1.0
Kota Bandung,6,22.8,83.97,71.71,31.13,60.7,0.3684,0,bandung,Kota Bandung,2340,13.928571428571429,0.017094017094017096,1.2246467991473532e-16,-1.0
Kota Bogor,6,25.0,84.57,75.39,31.65,208.2,0.5081,1,bogor,Kabupaten Bogor,938360,313.30884808013354,0.008951788226267104,1.2246467991473532e-16,-1.0
Kota Bogor,6,25.0,84.57,75.39,31.65,208.2,0.5081,1,bogor,Kota Bogor,4600,38.983050847457626,0.021739130434782608,1.2246467991473532e-16,-1.0
Kota Cirebon,6,26.47,78.37,77.07,30.84,96.8,0.495,1,cirebon,Kabupaten Cirebon,239100,242.9878048780488,0.002091175240485153,1.2246467991473532e-16,-1.0
Kota Cirebon,6,26.47,78.37,77.07,30.84,96.8,0.495,1,cirebon,Kota Cirebon,1510,40.810810810810814,0.006622516556291391,1.2246467991473532e-16,-1.0
Kota Sukabumi,6,23.26,85.49,72.6,28.77,182.1,0.5769,1,sukabumi,Kabupaten Sukabumi,780220,187.462758289284,0.002691548537591961,1.2246467991473532e-16,-1.0
Kota Sukabumi,6,23.26,85.49,72.6,28.77,182.1,0.5769,1,sukabumi,Kota Sukabumi,3450,71.875,0.014492753623188406,1.2246467991473532e-16,-1.0
Kuningan,6,24.66,82.83,74.65,25.86,100.1,0.7831,1,kuningan,Kabupaten Kuningan,388700,347.9856759176365,0.007718034473887317,1.2246467991473532e-16,-1.0
Majalengka,6,25.06,80.95,75.11,27.73,75.3,0.6987,1,majalengka,Kabupaten Majalengka,290500,241.27906976744185,0.0017211703958691911,1.2246467991473532e-16,-1.0
Purwakarta,6,25.06,84.37,75.46,27.39,112.4,0.7276,1,purwakarta,Kabupaten Purwakarta,145250,176.06060606060606,0.0010327022375215145,1.2246467991473532e-16,-1.0
Subang,6,25.89,81.35,76.49,29.12,59.2,0.6132,1,subang,Kabupaten Subang,206200,109.506107275624,0.0009699321047526673,1.2246467991473532e-16,-1.0
Sukabumi,6,24.18,86.49,74.23,25.94,224.5,0.7892,1,sukabumi,Kabupaten Sukabumi,780220,187.462758289284,0.002691548537591961,1.2246467991473532e-16,-1.0
Sukabumi,6,24.18,86.49,74.23,25.94,224.5,0.7892,1,sukabumi,Kota Sukabumi,3450,71.875,0.014492753623188406,1.2246467991473532e-16,-1.0
Sumedang,6,24.15,81.62,73.7,26.28,67.6,0.7757,1,sumedang,Kabupaten Sumedang,286500,188.23915900131405,0.006980802792321117,1.2246467991473532e-16,-1.0
Kota Bekasi,6,26.74,82.63,78.01,34.73,81.7,0.38,1,bekasi,Kabupaten Bekasi,62450,49.01883830455259,0.0008006405124099279,1.2246467991473532e-16,-1.0
Kota Bekasi,6,26.74,82.63,78.01,34.73,81.7,0.38,1,bekasi,Kota Bekasi,920,4.380952380952381,0.021739130434782608,1.2246467991473532e-16,-1.0
Kota Depok,6,26.18,83.75,77.24,33.04,138.1,0.4702,1,depok,Kota Depok,610,3.05,0.01639344262295082,1.2246467991473532e-16,-1.0
Bandung,7,20.93,81.75,68.5,24.6,121.9,0.7145,0,bandung,Kabupaten Bandung,502000,283.9366515837104,0.07569721115537849,-0.4999999999999997,-0.8660254037844388
Bandung,7,20.93,81.75,68.5,24.6,121.9,0.7145,0,bandung,Kota Bandung,2340,13.928571428571429,0.017094017094017096,-0.4999999999999997,-0.8660254037844388
Kota Cimahi,7,22.57,81.55,71.15,30.92,95.1,0.3438,0,cimahi,Kota Cimahi,1140,28.5,0.02631578947368421,-0.4999999999999997,-0.8660254037844388
Kota Tasikmalaya,7,22.24,88.42,71.14,26.12,128.8,0.6814,0,tasikmalaya,Kabupaten Tasikmalaya,751600,283.5156544700113,0.015965939329430547,-0.4999999999999997,-0.8660254037844388
Kota Tasikmalaya,7,22.24,88.42,71.14,26.12,128.8,0.6814,0,tasikmalaya,Kota Tasikmalaya,16620,90.32608695652173,0.024067388688327317,-0.4999999999999997,-0.8660254037844388
Tasikmalaya,7,22.63,87.05,71.69,24.78,130.4,0.8112,0,tasikmalaya,Kabupaten Tasikmalaya,751600,283.5156544700113,0.015965939329430547,-0.4999999999999997,-0.8660254037844388
Tasikmalaya,7,22.63,87.05,71.69,24.78,130.4,0.8112,0,tasikmalaya,Kota Tasikmalaya,16620,90.32608695652173,0.024067388688327317,-0.4999999999999997,-0.8660254037844388
Ciamis,7,23.53,84.85,72.99,25.27,120.5,0.7895,1,ciamis,Kabupaten Ciamis,546900,381.64689462665734,0.007313951362223441,-0.4999999999999997,-0.8660254037844388
Kota Banjar,7,24.44,84.6,74.47,26.99,98.9,0.7218,1,banjar,Kota Banjar,10610,93.0701754385965,0.01885014137606032,-0.4999999999999997,-0.8660254037844388
Bekasi,7,26.25,79.5,76.85,31.28,94.5,0.4936,1,bekasi,Kabupaten Bekasi,62450,49.01883830455259,0.0008006405124099279,-0.4999999999999997,-0.8660254037844388
Bekasi,7,26.25,79.5,76.85,31.28,94.5,0.4936,1,bekasi,Kota Bekasi,920,4.380952380952381,0.021739130434782608,-0.4999999999999997,-0.8660254037844388
Bogor,7,23.97,81.21,73.38,27.6,150.4,0.73,1,bogor,Kabupaten Bogor,938360,313.30884808013354,0.008951788226267104,-0.4999999999999997,-0.8660254037844388
Bogor,7,23.97,81.21,73.38,27.6,150.4,0.73,1,bogor,Kota Bogor,4600,38.983050847457626,0.021739130434782608,-0.4999999999999997,-0.8660254037844388
Cianjur,7,22.71,84.1,71.58,25.23,159.5,0.7885,0,cianjur,Kabupaten Cianjur,611500,175.7183908045977,0.008176614881439084,-0.4999999999999997,-0.8660254037844388
Cirebon,7,26.62,71.05,76.43,29.67,72.0,0.5497,1,cirebon,Kabupaten Cirebon,239100,242.9878048780488,0.002091175240485153,-0.4999999999999997,-0.8660254037844388
Cirebon,7,26.62,71.05,76.43,29.67,72.0,0.5497,1,cirebon,Kota Cirebon,1510,40.810810810810814,0.006622516556291391,-0.4999999999999997,-0.8660254037844388
Garut,7,21.22,84.53,69.16,24.34,118.9,0.7996,0,garut,Kabupaten Garut,1371800,447.5693311582382,0.018224230937454438,-0.4999999999999997,-0.8660254037844388
Indramayu,7,27.21,67.21,76.84,29.18,89.5,0.4595,1,indramayu,Kabupaten Indramayu,175600,83.65888518342068,0.0005694760820045558,-0.4999999999999997,-0.8660254037844388
Karawang,7,26.24,79.16,76.8,29.76,93.3,0.5517,1,karawang,Kabupaten Karawang,107600,65.13317191283294,0.0009293680297397769,-0.4999999999999997,-0.8660254037844388
Kota Bandung,7,22.48,78.48,70.75,30.81,94.1,0.3621,0,bandung,Kabupaten Bandung,502000,283.9366515837104,0.07569721115537849,-0.4999999999999997,-0.8660254037844388
Kota Bandung,7,22.48,78.48,70.75,30.81,94.1,0.3621,0,bandung,Kota Bandung,2340,13.928571428571429,0.017094017094017096,-0.4999999999999997,-0.8660254037844388
Kota Bogor,7,24.69,80.94,74.51,31.92,198.4,0.5039,1,bogor,Kabupaten Bogor,938360,313.30884808013354,0.008951788226267104,-0.4999999999999997,-0.8660254037844388
Kota Bogor,7,24.69,80.94,74.51,31.92,198.4,0.5039,1,bogor,Kota Bogor,4600,38.983050847457626,0.021739130434782608,-0.4999999999999997,-0.8660254037844388
Kota Cirebon,7,26.03,71.17,75.55,31.93,77.0,0.4713,1,cirebon,Kabupaten Cirebon,239100,242.9878048780488,0.002091175240485153,-0.4999999999999997,-0.8660254037844388
Kota Cirebon,7,26.03,71.17,75.55,31.93,77.0,0.4713,1,cirebon,Kota Cirebon,1510,40.810810810810814,0.006622516556291391,-0.4999999999999997,-0.8660254037844388
Kota Sukabumi,7,22.7,82.56,71.43,28.85,128.3,0.5956,0,sukabumi,Kabupaten Sukabumi,780220,187.462758289284,0.002691548537591961,-0.4999999999999997,-0.8660254037844388
Kota Sukabumi,7,22.7,82.56,71.43,28.85,128.3,0.5956,0,sukabumi,Kota Sukabumi,3450,71.875,0.014492753623188406,-0.4999999999999997,-0.8660254037844388
Kuningan,7,24.06,76.22,73.04,25.93,77.7,0.7803,1,kuningan,Kabupaten Kuningan,388700,347.9856759176365,0.007718034473887317,-0.4999999999999997,-0.8660254037844388
Majalengka,7,24.68,73.14,73.71,27.87,84.5,0.6813,1,majalengka,Kabupaten Majalengka,290500,241.27906976744185,0.0017211703958691911,-0.4999999999999997,-0.8660254037844388
Purwakarta,7,24.58,80.39,74.27,27.25,141.0,0.7281,1,purwakarta,Kabupaten Purwakarta,145250,176.06060606060606,0.0010327022375215145,-0.4999999999999997,-0.8660254037844388
Subang,7,25.56,75.01,75.26,28.51,101.4,0.6257,1,subang,Kabupaten Subang,206200,109.506107275624,0.0009699321047526673,-0.4999999999999997,-0.8660254037844388
Sukabumi,7,23.45,84.35,72.82,25.74,132.6,0.7841,1,sukabumi,Kabupaten Sukabumi,780220,187.462758289284,0.002691548537591961,-0.4999999999999997,-0.8660254037844388
Sukabumi,7,23.45,84.35,72.82,25.74,132.6,0.7841,1,sukabumi,Kota Sukabumi,3450,71.875,0.014492753623188406,-0.4999999999999997,-0.8660254037844388
Sumedang,7,23.9,73.27,72.52,26.58,104.9,0.766,1,sumedang,Kabupaten Sumedang,286500,188.23915900131405,0.006980802792321117,-0.4999999999999997,-0.8660254037844388
Kota Bekasi,7,26.18,79.1,76.69,34.33,89.4,0.3687,1,bekasi,Kabupaten Bekasi,62450,49.01883830455259,0.0008006405124099279,-0.4999999999999997,-0.8660254037844388
Kota Bekasi,7,26.18,79.1,76.69,34.33,89.4,0.3687,1,bekasi,Kota Bekasi,920,4.380952380952381,0.021739130434782608,-0.4999999999999997,-0.8660254037844388
Kota Depok,7,25.78,79.69,76.13,33.25,133.0,0.451,1,depok,Kota Depok,610,3.05,0.01639344262295082,-0.4999999999999997,-0.8660254037844388
Bandung,8,21.67,74.83,69.2,26.28,61.1,0.6824,0,bandung,Kabupaten Bandung,502000,283.9366515837104,0.07569721115537849,-0.8660254037844385,-0.5000000000000004
Bandung,8,21.67,74.83,69.2,26.28,61.1,0.6824,0,bandung,Kota Bandung,2340,13.928571428571429,0.017094017094017096,-0.8660254037844385,-0.5000000000000004
Kota Cimahi,8,23.41,75.44,71.96,32.63,37.8,0.3206,0,cimahi,Kota Cimahi,1140,28.5,0.02631578947368421,-0.8660254037844385,-0.5000000000000004
Kota Tasikmalaya,8,21.82,86.17,70.27,25.87,32.8,0.689,0,tasikmalaya,Kabupaten Tasikmalaya,751600,283.5156544700113,0.015965939329430547,-0.8660254037844385,-0.5000000000000004
Kota Tasikmalaya,8,21.82,86.17,70.27,25.87,32.8,0.689,0,tasikmalaya,Kota Tasikmalaya,16620,90.32608695652173,0.024067388688327317,-0.8660254037844385,-0.5000000000000004
Tasikmalaya,8,22.26,85.46,70.94,24.12,37.7,0.8003,0,tasikmalaya,Kabupaten Tasikmalaya,751600,283.5156544700113,0.015965939329430547,-0.8660254037844385,-0.5000000000000004
Tasikmalaya,8,22.26,85.46,70.94,24.12,37.7,0.8003,0,tasikmalaya,Kota Tasikmalaya,16620,90.32608695652173,0.024067388688327317,-0.8660254037844385,-0.5000000000000004
Ciamis,8,23.01,84.54,72.11,24.69,39.5,0.7937,1,ciamis,Kabupaten Ciamis,546900,381.64689462665734,0.007313951362223441,-0.8660254037844385,-0.5000000000000004
Kota Banjar,8,23.88,83.32,73.43,26.99,42.1,0.7372,1,banjar,Kota Banjar,10610,93.0701754385965,0.01885014137606032,-0.8660254037844385,-0.5000000000000004
Bekasi,8,27.25,74.18,77.78,32.56,31.8,0.4751,1,bekasi,Kabupaten Bekasi,62450,49.01883830455259,0.0008006405124099279,-0.8660254037844385,-0.5000000000000004
Bekasi,8,27.25,74.18,77.78,32.56,31.8,0.4751,1,bekasi,Kota Bekasi,920,4.380952380952381,0.021739130434782608,-0.8660254037844385,-0.5000000000000004
Bogor,8,24.94,75.19,74.31,28.74,115.0,0.701,1,bogor,Kabupaten Bogor,938360,313.30884808013354,0.008951788226267104,-0.8660254037844385,-0.5000000000000004
Bogor,8,24.94,75.19,74.31,28.74,115.0,0.701,1,bogor,Kota Bogor,4600,38.983050847457626,0.021739130434782608,-0.8660254037844385,-0.5000000000000004
Cianjur,8,23.1,78.73,71.76,26.68,82.1,0.7512,0,cianjur,Kabupaten Cianjur,611500,175.7183908045977,0.008176614881439084,-0.8660254037844385,-0.5000000000000004
Cirebon,8,27.13,65.16,76.46,31.28,21.5,0.5133,1,cirebon,Kabupaten Cirebon,239100,242.9878048780488,0.002091175240485153,-0.8660254037844385,-0.5000000000000004
Cirebon,8,27.13,65.16,76.46,31.28,21.5,0.5133,1,cirebon,Kota Cirebon,1510,40.810810810810814,0.006622516556291391,-0.8660254037844385,-0.5000000000000004
Garut,8,21.18,80.68,68.83,25.27,35.2,0.7637,0,garut,Kabupaten Garut,1371800,447.5693311582382,0.018224230937454438,-0.8660254037844385,-0.5000000000000004
Indramayu,8,28.49,57.41,77.36,30.39,14.5,0.5434,1,indramayu,Kabupaten Indramayu,175600,83.65888518342068,0.0005694760820045558,-0.8660254037844385,-0.5000000000000004
Karawang,8,27.31,72.77,77.69,31.0,25.3,0.5072,1,karawang,Kabupaten Karawang,107600,65.13317191283294,0.0009293680297397769,-0.8660254037844385,-0.5000000000000004
Kota Bandung,8,23.45,71.12,71.64,32.65,41.0,0.3457,0,bandung,Kabupaten Bandung,502000,283.9366515837104,0.07569721115537849,-0.8660254037844385,-0.5000000000000004
Kota Bandung,8,23.45,71.12,71.64,32.65,41.0,0.3457,0,bandung,Kota Bandung,2340,13.928571428571429,0.017094017094017096,-0.8660254037844385,-0.5000000000000004
Kota Bogor,8,25.66,75.32,75.45,32.86,163.3,0.4774,1,bogor,Kabupaten Bogor,938360,313.30884808013354,0.008951788226267104,-0.8660254037844385,-0.5000000000000004
Kota Bogor,8,25.66,75.32,75.45,32.86,163.3,0.4774,1,bogor,Kota Bogor,4600,38.983050847457626,0.021739130434782608,-0.8660254037844385,-0.5000000000000004
Kota Cirebon,8,26.41,66.29,75.54,33.55,12.1,0.4282,1,cirebon,Kabupaten Cirebon,239100,242.9878048780488,0.002091175240485153,-0.8660254037844385,-0.5000000000000004
Kota Cirebon,8,26.41,66.29,75.54,33.55,12.1,0.4282,1,cirebon,Kota Cirebon,1510,40.810810810810814,0.006622516556291391,-0.8660254037844385,-0.5000000000000004
Kota Sukabumi,8,23.68,73.54,72.2,30.53,97.5,0.552,1,sukabumi,Kabupaten Sukabumi,780220,187.462758289284,0.002691548537591961,-0.8660254037844385,-0.5000000000000004
Kota Sukabumi,8,23.68,73.54,72.2,30.53,97.5,0.552,1,sukabumi,Kota Sukabumi,3450,71.875,0.014492753623188406,-0.8660254037844385,-0.5000000000000004
Kuningan,8,24.31,71.28,72.96,26.46,36.2,0.7203,1,kuningan,Kabupaten Kuningan,388700,347.9856759176365,0.007718034473887317,-0.8660254037844385,-0.5000000000000004
Majalengka,8,25.63,63.97,74.14,29.0,20.9,0.6088,1,majalengka,Kabupaten Majalengka,290500,241.27906976744185,0.0017211703958691911,-0.8660254037844385,-0.5000000000000004
Purwakarta,8,25.86,71.83,75.36,28.63,53.8,0.6887,1,purwakarta,Kabupaten Purwakarta,145250,176.06060606060606,0.0010327022375215145,-0.8660254037844385,-0.5000000000000004
Subang,8,26.85,66.0,76.16,29.43,27.3,0.6386,1,subang,Kabupaten Subang,206200,109.506107275624,0.0009699321047526673,-0.8660254037844385,-0.5000000000000004
Sukabumi,8,23.66,80.09,72.77,26.79,70.2,0.7492,1,sukabumi,Kabupaten Sukabumi,780220,187.462758289284,0.002691548537591961,-0.8660254037844385,-0.5000000000000004
Sukabumi,8,23.66,80.09,72.77,26.79,70.2,0.7492,1,sukabumi,Kota Sukabumi,3450,71.875,0.014492753623188406,-0.8660254037844385,-0.5000000000000004
Sumedang,8,25.11,62.48,73.23,27.84,27.0,0.7097,1,sumedang,Kabupaten Sumedang,286500,188.23915900131405,0.006980802792321117,-0.8660254037844385,-0.5000000000000004
Kota Bekasi,8,27.25,73.53,77.69,35.45,36.3,0.3511,1,bekasi,Kabupaten Bekasi,62450,49.01883830455259,0.0008006405124099279,-0.8660254037844385,-0.5000000000000004
Kota Bekasi,8,27.25,73.53,77.69,35.45,36.3,0.3511,1,bekasi,Kota Bekasi,920,4.380952380952381,0.021739130434782608,-0.8660254037844385,-0.5000000000000004
Kota Depok,8,26.97,73.07,77.21,34.33,90.9,0.4332,1,depok,Kota Depok,610,3.05,0.01639344262295082,-0.8660254037844385,-0.5000000000000004
Bandung,9,21.81,77.57,69.63,27.27,197.5,0.6635,0,bandung,Kabupaten Bandung,502000,283.9366515837104,0.07569721115537849,-1.0,-1.8369701987210297e-16
Bandung,9,21.81,77.57,69.63,27.27,197.5,0.6635,0,bandung,Kota Bandung,2340,13.928571428571429,0.017094017094017096,-1.0,-1.8369701987210297e-16
Kota Cimahi,9,23.53,77.41,72.32,34.45,153.5,0.3113,1,cimahi,Kota Cimahi,1140,28.5,0.02631578947368421,-1.0,-1.8369701987210297e-16
Kota Tasikmalaya,9,23.13,85.04,72.35,27.87,266.3,0.6511,1,tasikmalaya,Kabupaten Tasikmalaya,751600,283.5156544700113,0.015965939329430547,-1.0,-1.8369701987210297e-16
Kota Tasikmalaya,9,23.13,85.04,72.35,27.87,266.3,0.6511,1,tasikmalaya,Kota Tasikmalaya,16620,90.32608695652173,0.024067388688327317,-1.0,-1.8369701987210297e-16
Tasikmalaya,9,23.33,84.9,72.67,26.14,228.5,0.7869,1,tasikmalaya,Kabupaten Tasikmalaya,751600,283.5156544700113,0.015965939329430547,-1.0,-1.8369701987210297e-16
Tasikmalaya,9,23.33,84.9,72.67,26.14,228.5,0.7869,1,tasikmalaya,Kota Tasikmalaya,16620,90.32608695652173,0.024067388688327317,-1.0,-1.8369701987210297e-16
Ciamis,9,24.18,83.88,73.97,26.87,163.7,0.7558,1,ciamis,Kabupaten Ciamis,546900,381.64689462665734,0.007313951362223441,-1.0,-1.8369701987210297e-16
Kota Banjar,9,25.25,82.31,75.55,29.33,153.5,0.6861,1,banjar,Kota Banjar,10610,93.0701754385965,0.01885014137606032,-1.0,-1.8369701987210297e-16
Bekasi,9,27.82,73.17,78.53,34.54,79.5,0.4657,1,bekasi,Kabupaten Bekasi,62450,49.01883830455259,0.0008006405124099279,-1.0,-1.8369701987210297e-16
Bekasi,9,27.82,73.17,78.53,34.54,79.5,0.4657,1,bekasi,Kota Bekasi,920,4.380952380952381,0.021739130434782608,-1.0,-1.8369701987210297e-16
Bogor,9,25.15,76.15,74.75,30.17,257.8,0.6864,1,bogor,Kabupaten Bogor,938360,313.30884808013354,0.008951788226267104,-1.0,-1.8369701987210297e-16
Bogor,9,25.15,76.15,74.75,30.17,257.8,0.6864,1,bogor,Kota Bogor,4600,38.983050847457626,0.021739130434782608,-1.0,-1.8369701987210297e-16
Cianjur,9,23.4,81.32,72.47,27.85,216.4,0.7292,1,cianjur,Kabupaten Cianjur,611500,175.7183908045977,0.008176614881439084,-1.0,-1.8369701987210297e-16
Cirebon,9,27.67,68.34,77.66,33.38,53.0,0.5138,1,cirebon,Kabupaten Cirebon,239100,242.9878048780488,0.002091175240485153,-1.0,-1.8369701987210297e-16
Cirebon,9,27.67,68.34,77.66,33.38,53.0,0.5138,1,cirebon,Kota Cirebon,1510,40.810810810810814,0.006622516556291391,-1.0,-1.8369701987210297e-16
Garut,9,21.88,81.97,70.05,26.38,186.6,0.7364,0,garut,Kabupaten Garut,1371800,447.5693311582382,0.018224230937454438,-1.0,-1.8369701987210297e-16
Indramayu,9,28.82,61.01,78.33,32.06,32.2,0.5605,1,indramayu,Kabupaten Indramayu,175600,83.65888518342068,0.0005694760820045558,-1.0,-1.8369701987210297e-16
Karawang,9,27.93,71.77,78.5,32.43,88.2,0.5072,1,karawang,Kabupaten Karawang,107600,65.13317191283294,0.0009293680297397769,-1.0,-1.8369701987210297e-16
Kota Bandung,9,23.46,74.48,71.95,34.55,159.6,0.3377,0,bandung,Kabupaten Bandung,502000,283.9366515837104,0.07569721115537849,-1.0,-1.8369701987210297e-16
Kota Bandung,9,23.46,74.48,71.95,34.55,159.6,0.3377,0,bandung,Kota Bandung,2340,13.928571428571429,0.017094017094017096,-1.0,-1.8369701987210297e-16
Kota Bogor,9,25.75,76.83,75.75,34.82,393.6,0.4664,1,bogor,Kabupaten Bogor,938360,313.30884808013354,0.008951788226267104,-1.0,-1.8369701987210297e-16
Kota Bogor,9,25.75,76.83,75.75,34.82,393.6,0.4664,1,bogor,Kota Bogor,4600,38.983050847457626,0.021739130434782608,-1.0,-1.8369701987210297e-16
Kota Cirebon,9,26.91,69.66,76.7,36.31,54.2,0.3762,1,cirebon,Kabupaten Cirebon,239100,242.9878048780488,0.002091175240485153,-1.0,-1.8369701987210297e-16
Kota Cirebon,9,26.91,69.66,76.7,36.31,54.2,0.3762,1,cirebon,Kota Cirebon,1510,40.810810810810814,0.006622516556291391,-1.0,-1.8369701987210297e-16
Kota Sukabumi,9,23.53,79.08,72.47,33.05,298.3,0.5081,1,sukabumi,Kabupaten Sukabumi,780220,187.462758289284,0.002691548537591961,-1.0,-1.8369701987210297e-16
Kota Sukabumi,9,23.53,79.08,72.47,33.05,298.3,0.5081,1,sukabumi,Kota Sukabumi,3450,71.875,0.014492753623188406,-1.0,-1.8369701987210297e-16
Kuningan,9,24.95,74.07,74.21,28.68,94.6,0.6792,1,kuningan,Kabupaten Kuningan,388700,347.9856759176365,0.007718034473887317,-1.0,-1.8369701987210297e-16
Majalengka,9,26.0,67.79,75.11,31.55,70.9,0.5569,1,majalengka,Kabupaten Majalengka,290500,241.27906976744185,0.0017211703958691911,-1.0,-1.8369701987210297e-16
Purwakarta,9,26.21,72.13,75.94,30.31,177.4,0.661,1,purwakarta,Kabupaten Purwakarta,145250,176.06060606060606,0.0010327022375215145,-1.0,-1.8369701987210297e-16
Subang,9,27.16,67.9,76.84,31.11,107.0,0.6266,1,subang,Kabupaten Subang,206200,109.506107275624,0.0009699321047526673,-1.0,-1.8369701987210297e-16
Sukabumi,9,23.96,82.68,73.5,28.35,225.7,0.7088,1,sukabumi,Kabupaten Sukabumi,780220,187.462758289284,0.002691548537591961,-1.0,-1.8369701987210297e-16
Sukabumi,9,23.96,82.68,73.5,28.35,225.7,0.7088,1,sukabumi,Kota Sukabumi,3450,71.875,0.014492753623188406,-1.0,-1.8369701987210297e-16
Sumedang,9,25.2,67.39,73.89,29.46,106.3,0.6706,1,sumedang,Kabupaten Sumedang,286500,188.23915900131405,0.006980802792321117,-1.0,-1.8369701987210297e-16
Kota Bekasi,9,27.79,72.79,78.43,37.84,81.4,0.3396,1,bekasi,Kabupaten Bekasi,62450,49.01883830455259,0.0008006405124099279,-1.0,-1.8369701987210297e-16
Kota Bekasi,9,27.79,72.79,78.43,37.84,81.4,0.3396,1,bekasi,Kota Bekasi,920,4.380952380952381,0.021739130434782608,-1.0,-1.8369701987210297e-16
Kota Depok,9,27.33,73.52,77.82,36.55,185.9,0.4166,1,depok,Kota Depok,610,3.05,0.01639344262295082,-1.0,-1.8369701987210297e-16
Bandung,10,22.22,78.22,70.32,27.65,82.8,0.6638,0,bandung,Kabupaten Bandung,502000,283.9366515837104,0.07569721115537849,-0.8660254037844386,0.5000000000000001
Bandung,10,22.22,78.22,70.32,27.65,82.8,0.6638,0,bandung,Kota Bandung,2340,13.928571428571429,0.017094017094017096,-0.8660254037844386,0.5000000000000001
Kota Cimahi,10,24.03,77.67,73.13,35.23,80.8,0.3155,1,cimahi,Kota Cimahi,1140,28.5,0.02631578947368421,-0.8660254037844386,0.5000000000000001
Kota Tasikmalaya,10,23.64,86.37,73.32,29.97,69.0,0.6379,1,tasikmalaya,Kabupaten Tasikmalaya,751600,283.5156544700113,0.015965939329430547,-0.8660254037844386,0.5000000000000001
Kota Tasikmalaya,10,23.64,86.37,73.32,29.97,69.0,0.6379,1,tasikmalaya,Kota Tasikmalaya,16620,90.32608695652173,0.024067388688327317,-0.8660254037844386,0.5000000000000001
Tasikmalaya,10,23.9,85.56,73.67,27.23,82.3,0.784,1,tasikmalaya,Kabupaten Tasikmalaya,751600,283.5156544700113,0.015965939329430547,-0.8660254037844386,0.5000000000000001
Tasikmalaya,10,23.9,85.56,73.67,27.23,82.3,0.784,1,tasikmalaya,Kota Tasikmalaya,16620,90.32608695652173,0.024067388688327317,-0.8660254037844386,0.5000000000000001
Ciamis,10,24.82,83.63,75.0,28.91,75.8,0.7609,1,ciamis,Kabupaten Ciamis,546900,381.64689462665734,0.007313951362223441,-0.8660254037844386,0.5000000000000001
Kota Banjar,10,25.92,81.49,76.55,31.53,66.4,0.6578,1,banjar,Kota Banjar,10610,93.0701754385965,0.01885014137606032,-0.8660254037844386,0.5000000000000001
Bekasi,10,28.34,73.53,79.37,35.47,48.7,0.4807,2,bekasi,Kabupaten Bekasi,62450,49.01883830455259,0.0008006405124099279,-0.8660254037844386,0.5000000000000001
Bekasi,10,28.34,73.53,79.37,35.47,48.7,0.4807,2,bekasi,Kota Bekasi,920,4.380952380952381,0.021739130434782608,-0.8660254037844386,0.5000000000000001
Bogor,10,25.45,76.11,75.2,30.16,184.2,0.6816,1,bogor,Kabupaten Bogor,938360,313.30884808013354,0.008951788226267104,-0.8660254037844386,0.5000000000000001
Bogor,10,25.45,76.11,75.2,30.16,184.2,0.6816,1,bogor,Kota Bogor,4600,38.983050847457626,0.021739130434782608,-0.8660254037844386,0.5000000000000001
Cianjur,10,23.84,81.51,73.2,27.81,126.2,0.733,1,cianjur,Kabupaten Cianjur,611500,175.7183908045977,0.008176614881439084,-0.8660254037844386,0.5000000000000001
Cirebon,10,28.67,65.86,78.79,35.3,18.0,0.518,1,cirebon,Kabupaten Cirebon,239100,242.9878048780488,0.002091175240485153,-0.8660254037844386,0.5000000000000001
Cirebon,10,28.67,65.86,78.79,35.3,18.0,0.518,1,cirebon,Kota Cirebon,1510,40.810810810810814,0.006622516556291391,-0.8660254037844386,0.5000000000000001
Garut,10,22.34,83.16,70.89,27.04,84.2,0.7348,0,garut,Kabupaten Garut,1371800,447.5693311582382,0.018224230937454438,-0.8660254037844386,0.5000000000000001
Indramayu,10,29.79,59.64,79.49,35.49,28.3,0.4903,2,indramayu,Kabupaten Indramayu,175600,83.65888518342068,0.0005694760820045558,-0.8660254037844386,0.5000000000000001
Karawang,10,28.61,71.57,79.52,32.84,46.4,0.5549,2,karawang,Kabupaten Karawang,107600,65.13317191283294,0.0009293680297397769,-0.8660254037844386,0.5000000000000001
Kota Bandung,10,23.91,75.66,72.75,35.63,62.7,0.3437,1,bandung,Kabupaten Bandung,502000,283.9366515837104,0.07569721115537849,-0.8660254037844386,0.5000000000000001
Kota Bandung,10,23.91,75.66,72.75,35.63,62.7,0.3437,1,bandung,Kota Bandung,2340,13.928571428571429,0.017094017094017096,-0.8660254037844386,0.5000000000000001
Kota Bogor,10,26.03,76.83,76.2,35.65,203.7,0.4593,1,bogor,Kabupaten Bogor,938360,313.30884808013354,0.008951788226267104,-0.8660254037844386,0.5000000000000001
Kota Bogor,10,26.03,76.83,76.2,35.65,203.7,0.4593,1,bogor,Kota Bogor,4600,38.983050847457626,0.021739130434782608,-0.8660254037844386,0.5000000000000001
Kota Cirebon,10,27.88,67.24,77.83,38.58,14.0,0.3544,1,cirebon,Kabupaten Cirebon,239100,242.9878048780488,0.002091175240485153,-0.8660254037844386,0.5000000000000001
Kota Cirebon,10,27.88,67.24,77.83,38.58,14.0,0.3544,1,cirebon,Kota Cirebon,1510,40.810810810810814,0.006622516556291391,-0.8660254037844386,0.5000000000000001
Kota Sukabumi,10,23.7,80.97,72.92,33.27,136.2,0.5063,1,sukabumi,Kabupaten Sukabumi,780220,187.462758289284,0.002691548537591961,-0.8660254037844386,0.5000000000000001
Kota Sukabumi,10,23.7,80.97,72.92,33.27,136.2,0.5063,1,sukabumi,Kota Sukabumi,3450,71.875,0.014492753623188406,-0.8660254037844386,0.5000000000000001
Kuningan,10,25.74,72.32,75.23,29.95,50.4,0.7202,1,kuningan,Kabupaten Kuningan,388700,347.9856759176365,0.007718034473887317,-0.8660254037844386,0.5000000000000001
Majalengka,10,26.89,66.08,76.23,33.18,38.1,0.5673,1,majalengka,Kabupaten Majalengka,290500,241.27906976744185,0.0017211703958691911,-0.8660254037844386,0.5000000000000001
Purwakarta,10,26.92,71.16,76.89,30.58,82.6,0.6716,1,purwakarta,Kabupaten Purwakarta,145250,176.06060606060606,0.0010327022375215145,-0.8660254037844386,0.5000000000000001
Subang,10,27.86,68.1,77.91,32.94,45.6,0.5964,1,subang,Kabupaten Subang,206200,109.506107275624,0.0009699321047526673,-0.8660254037844386,0.5000000000000001
Sukabumi,10,24.28,83.75,74.12,28.13,137.8,0.7275,1,sukabumi,Kabupaten Sukabumi,780220,187.462758289284,0.002691548537591961,-0.8660254037844386,0.5000000000000001
Sukabumi,10,24.28,83.75,74.12,28.13,137.8,0.7275,1,sukabumi,Kota Sukabumi,3450,71.875,0.014492753623188406,-0.8660254037844386,0.5000000000000001
Sumedang,10,25.86,67.85,74.91,30.24,61.4,0.6958,1,sumedang,Kabupaten Sumedang,286500,188.23915900131405,0.006980802792321117,-0.8660254037844386,0.5000000000000001
Kota Bekasi,10,28.24,73.3,79.18,39.07,54.1,0.351,2,bekasi,Kabupaten Bekasi,62450,49.01883830455259,0.0008006405124099279,-0.8660254037844386,0.5000000000000001
Kota Bekasi,10,28.24,73.3,79.18,39.07,54.1,0.351,2,bekasi,Kota Bekasi,920,4.380952380952381,0.021739130434782608,-0.8660254037844386,0.5000000000000001
Kota Depok,10,27.7,73.28,78.35,37.53,115.6,0.4135,1,depok,Kota Depok,610,3.05,0.01639344262295082,-0.8660254037844386,0.5000000000000001
Bandung,11,21.55,88.9,70.01,25.9,562.2,0.655,0,bandung,Kabupaten Bandung,502000,283.9366515837104,0.07569721115537849,-0.5000000000000004,0.8660254037844384
Bandung,11,21.55,88.9,70.01,25.9,562.2,0.655,0,bandung,Kota Bandung,2340,13.928571428571429,0.017094017094017096,-0.5000000000000004,0.8660254037844384
Kota Cimahi,11,23.08,88.42,72.55,33.22,417.2,0.3223,1,cimahi,Kota Cimahi,1140,28.5,0.02631578947368421,-0.5000000000000004,0.8660254037844384
Kota Tasikmalaya,11,24.18,89.3,74.49,28.4,605.9,0.6526,1,tasikmalaya,Kabupaten Tasikmalaya,751600,283.5156544700113,0.015965939329430547,-0.5000000000000004,0.8660254037844384
Kota Tasikmalaya,11,24.18,89.3,74.49,28.4,605.9,0.6526,1,tasikmalaya,Kota Tasikmalaya,16620,90.32608695652173,0.024067388688327317,-0.5000000000000004,0.8660254037844384
Tasikmalaya,11,24.39,88.38,74.76,27.0,663.7,0.8047,1,tasikmalaya,Kabupaten Tasikmalaya,751600,283.5156544700113,0.015965939329430547,-0.5000000000000004,0.8660254037844384
Tasikmalaya,11,24.39,88.38,74.76,27.0,663.7,0.8047,1,tasikmalaya,Kota Tasikmalaya,16620,90.32608695652173,0.024067388688327317,-0.5000000000000004,0.8660254037844384
Ciamis,11,25.16,87.54,75.96,27.68,621.4,0.7765,1,ciamis,Kabupaten Ciamis,546900,381.64689462665734,0.007313951362223441,-0.5000000000000004,0.8660254037844384
Kota Banjar,11,26.16,87.22,77.6,30.57,533.3,0.6698,1,banjar,Kota Banjar,10610,93.0701754385965,0.01885014137606032,-0.5000000000000004,0.8660254037844384
Bekasi,11,27.26,82.29,78.82,33.39,350.7,0.4843,1,bekasi,Kabupaten Bekasi,62450,49.01883830455259,0.0008006405124099279,-0.5000000000000004,0.8660254037844384
Bekasi,11,27.26,82.29,78.82,33.39,350.7,0.4843,1,bekasi,Kota Bekasi,920,4.380952380952381,0.021739130434782608,-0.5000000000000004,0.8660254037844384
Bogor,11,24.56,85.94,74.8,29.29,678.2,0.6926,1,bogor,Kabupaten Bogor,938360,313.30884808013354,0.008951788226267104,-0.5000000000000004,0.8660254037844384
Bogor,11,24.56,85.94,74.8,29.29,678.2,0.6926,1,bogor,Kota Bogor,4600,38.983050847457626,0.021739130434782608,-0.5000000000000004,0.8660254037844384
Cianjur,11,23.56,87.99,73.32,27.25,680.3,0.7264,1,cianjur,Kabupaten Cianjur,611500,175.7183908045977,0.008176614881439084,-0.5000000000000004,0.8660254037844384
Cirebon,11,27.09,82.57,78.57,28.66,292.0,0.4872,1,cirebon,Kabupaten Cirebon,239100,242.9878048780488,0.002091175240485153,-0.5000000000000004,0.8660254037844384
Cirebon,11,27.09,82.57,78.57,28.66,292.0,0.4872,1,cirebon,Kota Cirebon,1510,40.810810810810814,0.006622516556291391,-0.5000000000000004,0.8660254037844384
Garut,11,22.44,88.76,71.49,26.27,590.3,0.7373,0,garut,Kabupaten Garut,1371800,447.5693311582382,0.018224230937454438,-0.5000000000000004,0.8660254037844384
Indramayu,11,27.4,82.02,79.02,31.46,282.3,0.4006,2,indramayu,Kabupaten Indramayu,175600,83.65888518342068,0.0005694760820045558,-0.5000000000000004,0.8660254037844384
Karawang,11,27.28,82.33,78.86,31.42,351.5,0.5603,1,karawang,Kabupaten Karawang,107600,65.13317191283294,0.0009293680297397769,-0.5000000000000004,0.8660254037844384
Kota Bandung,11,22.78,88.98,72.09,33.67,393.1,0.3576,1,bandung,Kabupaten Bandung,502000,283.9366515837104,0.07569721115537849,-0.5000000000000004,0.8660254037844384
Kota Bandung,11,22.78,88.98,72.09,33.67,393.1,0.3576,1,bandung,Kota Bandung,2340,13.928571428571429,0.017094017094017096,-0.5000000000000004,0.8660254037844384
Kota Bogor,11,25.11,86.29,75.75,34.19,680.5,0.49,1,bogor,Kabupaten Bogor,938360,313.30884808013354,0.008951788226267104,-0.5000000000000004,0.8660254037844384
Kota Bogor,11,25.11,86.29,75.75,34.19,680.5,0.49,1,bogor,Kota Bogor,4600,38.983050847457626,0.021739130434782608,-0.5000000000000004,0.8660254037844384
Kota Cirebon,11,26.52,82.43,77.63,29.48,275.5,0.3549,1,cirebon,Kabupaten Cirebon,239100,242.9878048780488,0.002091175240485153,-0.5000000000000004,0.8660254037844384
Kota Cirebon,11,26.52,82.43,77.63,29.48,275.5,0.3549,1,cirebon,Kota Cirebon,1510,40.810810810810814,0.006622516556291391,-0.5000000000000004,0.8660254037844384
Kota Sukabumi,11,23.22,88.09,72.76,30.98,659.1,0.5479,1,sukabumi,Kabupaten Sukabumi,780220,187.462758289284,0.002691548537591961,-0.5000000000000004,0.8660254037844384
Kota Sukabumi,11,23.22,88.09,72.76,30.98,659.1,0.5479,1,sukabumi,Kota Sukabumi,3450,71.875,0.014492753623188406,-0.5000000000000004,0.8660254037844384
Kuningan,11,24.89,86.03,75.36,26.08,466.5,0.6958,1,kuningan,Kabupaten Kuningan,388700,347.9856759176365,0.007718034473887317,-0.5000000000000004,0.8660254037844384
Majalengka,11,25.09,86.12,75.7,27.28,442.5,0.5618,1,majalengka,Kabupaten Majalengka,290500,241.27906976744185,0.0017211703958691911,-0.5000000000000004,0.8660254037844384
Purwakarta,11,25.44,85.11,76.17,29.16,585.3,0.6743,1,purwakarta,Kabupaten Purwakarta,145250,176.06060606060606,0.0010327022375215145,-0.5000000000000004,0.8660254037844384
Subang,11,26.05,84.88,77.15,29.9,418.7,0.569,1,subang,Kabupaten Subang,206200,109.506107275624,0.0009699321047526673,-0.5000000000000004,0.8660254037844384
Sukabumi,11,24.12,88.43,74.3,28.03,724.0,0.7313,1,sukabumi,Kabupaten Sukabumi,780220,187.462758289284,0.002691548537591961,-0.5000000000000004,0.8660254037844384
Sukabumi,11,24.12,88.43,74.3,28.03,724.0,0.7313,1,sukabumi,Kota Sukabumi,3450,71.875,0.014492753623188406,-0.5000000000000004,0.8660254037844384
Sumedang,11,24.1,87.72,74.2,27.68,484.8,0.7091,1,sumedang,Kabupaten Sumedang,286500,188.23915900131405,0.006980802792321117,-0.5000000000000004,0.8660254037844384
Kota Bekasi,11,27.09,82.47,78.57,36.54,324.5,0.3535,1,bekasi,Kabupaten Bekasi,62450,49.01883830455259,0.0008006405124099279,-0.5000000000000004,0.8660254037844384
Kota Bekasi,11,27.09,82.47,78.57,36.54,324.5,0.3535,1,bekasi,Kota Bekasi,920,4.380952380952381,0.021739130434782608,-0.5000000000000004,0.8660254037844384
Kota Depok,11,26.5,84.23,77.82,35.58,524.4,0.4253,1,depok,Kota Depok,610,3.05,0.01639344262295082,-0.5000000000000004,0.8660254037844384
Bandung,12,21.21,89.51,69.48,23.81,361.2,0.66,0,bandung,Kabupaten Bandung,502000,283.9366515837104,0.07569721115537849,-2.4492935982947064e-16,1.0
Bandung,12,21.21,89.51,69.48,23.81,361.2,0.66,0,bandung,Kota Bandung,2340,13.928571428571429,0.017094017094017096,-2.4492935982947064e-16,1.0
Kota Cimahi,12,22.78,87.97,72.0,33.76,250.9,0.3387,1,cimahi,Kota Cimahi,1140,28.5,0.02631578947368421,-2.4492935982947064e-16,1.0
Kota Tasikmalaya,12,23.97,90.36,74.24,0.0,446.6,0.6352,1,tasikmalaya,Kabupaten Tasikmalaya,751600,283.5156544700113,0.015965939329430547,-2.4492935982947064e-16,1.0
Kota Tasikmalaya,12,23.97,90.36,74.24,0.0,446.6,0.6352,1,tasikmalaya,Kota Tasikmalaya,16620,90.32608695652173,0.024067388688327317,-2.4492935982947064e-16,1.0
Tasikmalaya,12,24.23,88.69,74.52,27.17,441.4,0.8072,1,tasikmalaya,Kabupaten Tasikmalaya,751600,283.5156544700113,0.015965939329430547,-2.4492935982947064e-16,1.0
Tasikmalaya,12,24.23,88.69,74.52,27.17,441.4,0.8072,1,tasikmalaya,Kota Tasikmalaya,16620,90.32608695652173,0.024067388688327317,-2.4492935982947064e-16,1.0
Ciamis,12,24.98,88.87,75.81,27.54,395.6,0.7693,1,ciamis,Kabupaten Ciamis,546900,381.64689462665734,0.007313951362223441,-2.4492935982947064e-16,1.0
Kota Banjar,12,25.86,89.83,77.39,0.0,349.0,0.6488,1,banjar,Kota Banjar,10610,93.0701754385965,0.01885014137606032,-2.4492935982947064e-16,1.0
Bekasi,12,26.66,83.51,77.99,29.2,292.3,0.4734,1,bekasi,Kabupaten Bekasi,62450,49.01883830455259,0.0008006405124099279,-2.4492935982947064e-16,1.0
Bekasi,12,26.66,83.51,77.99,29.2,292.3,0.4734,1,bekasi,Kota Bekasi,920,4.380952380952381,0.021739130434782608,-2.4492935982947064e-16,1.0
Bogor,12,24.1,86.94,74.12,27.46,399.9,0.6621,1,bogor,Kabupaten Bogor,938360,313.30884808013354,0.008951788226267104,-2.4492935982947064e-16,1.0
Bogor,12,24.1,86.94,74.12,27.46,399.9,0.6621,1,bogor,Kota Bogor,4600,38.983050847457626,0.021739130434782608,-2.4492935982947064e-16,1.0
Cianjur,12,23.32,87.75,72.89,26.08,454.9,0.733,1,cianjur,Kabupaten Cianjur,611500,175.7183908045977,0.008176614881439084,-2.4492935982947064e-16,1.0
Cirebon,12,26.28,87.76,77.88,0.0,272.6,0.4713,1,cirebon,Kabupaten Cirebon,239100,242.9878048780488,0.002091175240485153,-2.4492935982947064e-16,1.0
Cirebon,12,26.28,87.76,77.88,0.0,272.6,0.4713,1,cirebon,Kota Cirebon,1510,40.810810810810814,0.006622516556291391,-2.4492935982947064e-16,1.0
Garut,12,22.27,88.86,71.22,25.05,424.0,0.7642,0,garut,Kabupaten Garut,1371800,447.5693311582382,0.018224230937454438,-2.4492935982947064e-16,1.0
Indramayu,12,26.58,86.36,78.21,29.38,234.9,0.3923,1,indramayu,Kabupaten Indramayu,175600,83.65888518342068,0.0005694760820045558,-2.4492935982947064e-16,1.0
Karawang,12,26.63,83.95,78.0,28.22,281.2,0.5429,1,karawang,Kabupaten Karawang,107600,65.13317191283294,0.0009293680297397769,-2.4492935982947064e-16,1.0
Kota Bandung,12,22.5,88.68,71.59,33.5,244.2,0.3532,0,bandung,Kabupaten Bandung,502000,283.9366515837104,0.07569721115537849,-2.4492935982947064e-16,1.0
Kota Bandung,12,22.5,88.68,71.59,33.5,244.2,0.3532,0,bandung,Kota Bandung,2340,13.928571428571429,0.017094017094017096,-2.4492935982947064e-16,1.0
Kota Bogor,12,24.59,86.99,74.96,0.0,385.5,0.5161,1,bogor,Kabupaten Bogor,938360,313.30884808013354,0.008951788226267104,-2.4492935982947064e-16,1.0
Kota Bogor,12,24.59,86.99,74.96,0.0,385.5,0.5161,1,bogor,Kota Bogor,4600,38.983050847457626,0.021739130434782608,-2.4492935982947064e-16,1.0
Kota Cirebon,12,25.75,87.96,77.01,0.0,274.3,0.4092,1,cirebon,Kabupaten Cirebon,239100,242.9878048780488,0.002091175240485153,-2.4492935982947064e-16,1.0
Kota Cirebon,12,25.75,87.96,77.01,0.0,274.3,0.4092,1,cirebon,Kota Cirebon,1510,40.810810810810814,0.006622516556291391,-2.4492935982947064e-16,1.0
Kota Sukabumi,12,22.79,89.31,72.14,26.1,410.8,0.5857,1,sukabumi,Kabupaten Sukabumi,780220,187.462758289284,0.002691548537591961,-2.4492935982947064e-16,1.0
Kota Sukabumi,12,22.79,89.31,72.14,26.1,410.8,0.5857,1,sukabumi,Kota Sukabumi,3450,71.875,0.014492753623188406,-2.4492935982947064e-16,1.0
Kuningan,12,24.32,91.13,74.92,22.45,327.6,0.717,1,kuningan,Kabupaten Kuningan,388700,347.9856759176365,0.007718034473887317,-2.4492935982947064e-16,1.0
Majalengka,12,24.41,90.39,75.0,26.75,311.8,0.5882,1,majalengka,Kabupaten Majalengka,290500,241.27906976744185,0.0017211703958691911,-2.4492935982947064e-16,1.0
Purwakarta,12,24.93,86.79,75.5,24.9,347.3,0.6319,1,purwakarta,Kabupaten Purwakarta,145250,176.06060606060606,0.0010327022375215145,-2.4492935982947064e-16,1.0
Subang,12,25.52,86.28,76.43,0.0,295.4,0.4496,1,subang,Kabupaten Subang,206200,109.506107275624,0.0009699321047526673,-2.4492935982947064e-16,1.0
Sukabumi,12,23.74,88.69,73.69,26.71,497.5,0.7465,1,sukabumi,Kabupaten Sukabumi,780220,187.462758289284,0.002691548537591961,-2.4492935982947064e-16,1.0
Sukabumi,12,23.74,88.69,73.69,26.71,497.5,0.7465,1,sukabumi,Kota Sukabumi,3450,71.875,0.014492753623188406,-2.4492935982947064e-16,1.0
Sumedang,12,23.63,90.31,73.64,26.79,318.6,0.6508,1,sumedang,Kabupaten Sumedang,286500,188.23915900131405,0.006980802792321117,-2.4492935982947064e-16,1.0
Kota Bekasi,12,26.54,83.13,77.75,0.0,261.7,0.3161,1,bekasi,Kabupaten Bekasi,62450,49.01883830455259,0.0008006405124099279,-2.4492935982947064e-16,1.0
Kota Bekasi,12,26.54,83.13,77.75,0.0,261.7,0.3161,1,bekasi,Kota Bekasi,920,4.380952380952381,0.021739130434782608,-2.4492935982947064e-16,1.0
Kota Depok,12,26.02,84.36,77.04,0.0,322.2,0.4279,1,depok,Kota Depok,610,3.05,0.01639344262295082,-2.4492935982947064e-16,1.0
